O3_pred,NO2_pred
72.80007771021968,7.126824279234552
72.317,5.5360000000000005
72.47377868149427,6.971360785687268
74.033,6.426
72.6163200566246,6.891835959113206
72.14,7.332000000000001
71.083,9.394
72.627,6.448
72.56036180092306,7.046642783067626
69.76,8.704
72.217,6.147
71.52513976718546,6.617824118498223
71.017,6.497000000000001
72.72,5.571000000000001
73.633,5.837999999999999
71.46904123341464,6.7669943620472655
70.96300000000001,7.869
67.767,10.576
69.6084071384767,8.281791722256244
69.183,9.464
70.42259752313971,6.07378672528445
69.587,8.582
69.10300000000001,5.362
70.307,6.582999999999999
70.547,5.077
70.767,5.404
70.12,5.597
70.64498036398143,5.505372818369707
69.047,6.587999999999999
68.777,8.588
66.813,10.107
64.57,12.463
65.097,8.988
67.347,8.06
70.607,6.507000000000001
68.77,9.369
65.36,9.215
65.087,14.343
64.17699999999999,9.739
62.547,8.978
57.667,11.899
53.81,21.59
58.42,11.123
62.407,8.431000000000001
60.047,12.793
59.023,9.308
59.753,5.917000000000001
59.917,5.056
57.987,10.056
54.377,13.887
58.453528793406136,8.199668327902083
56.847,9.683
56.567,13.123
58.367,11.03
59.523,7.039
61.483,5.404
55.04,14.103
54.71,16.077
45.977,24.14
51.657,11.907
57.777,8.357000000000001
53.23399571321897,12.19847995333135
53.527007791000855,13.548345294286765
50.707,21.483
50.333,18.31
54.913,11.98
56.647,11.147
55.147,13.787
54.537,16.813
47.96,28.25
44.137,24.783
50.013000000000005,16.23
50.143,14.11
53.78,10.83
52.803,14.137
50.623000000000005,16.433
49.01,20.087
45.807,20.377
44.123000000000005,22.247
46.027,19.18
45.54,20.883000000000003
41.38835387652275,26.46457037628722
45.36,19.853
42.857,27.86
41.117,27.093000000000004
38.027,28.077
42.387271935122115,22.524204634038707
41.683,21.783
33.903,33.277
31.613000000000003,32.073
29.067,29.937
36.99802222713352,23.250326830783614
40.527,19.357
41.323,22.233
37.84,20.657
39.603,22.193
38.767,24.06
35.367,30.973000000000003
30.952009843768636,33.820928341133715
31.155390228812244,34.452068503703295
31.117,32.8
33.47,29.227
30.673908462800476,32.567440071083716
29.949209405389446,33.732905525999286
27.883000000000003,36.85
30.917,29.517
32.047,34.56
28.76,32.923
30.973000000000003,34.133
28.137,34.28
31.413,29.377
30.842625356597317,31.37341735584504
35.16,25.307
37.373000000000005,24.173
34.54,27.537
31.323,28.3
27.497,27.077
19.58,38.543
24.99,36.07
22.557,31.873
19.95,34.46
19.5,44.117
24.252937460098778,33.71307890370684
15.333,43.473
11.363,56.33
12.12,51.943000000000005
15.003,44.033
14.843,47.82
14.87037326805144,46.368284871188585
16.003,45.12
16.787,40.257
17.673,36.453
15.213544044904973,43.19543774892306
13.563,43.493
11.007,40.5
14.59,42.54
14.913,34.647
15.27,37.157
15.619250319592858,37.382779569152554
13.633,28.59
20.237,36.45
17.523,36.797
16.877,35.99
3.965,29.237
20.33,41.053
16.92,38.287
16.835161078826836,35.583914369676606
18.473,30.797
17.657,38.027
15.363,37.49
14.63,38.053
16.797,34.96
17.352999999999998,34.43
15.627,31.797
14.446369108678851,36.619200678553405
14.651890772555097,36.93506899086779
15.217,37.147
13.393,41.633
13.86,37.173
13.60914454808501,38.07915248393453
15.117,35.827
11.19,46.07
12.68,40.203
14.173,34.993
14.59,34.723
15.087,34.41
14.338848599803796,36.03700542392447
13.52004659076277,38.66697769015663
15.817,35.507
14.247,36.52
13.04,39.93
13.148921451481478,38.69164035051827
11.365111837007307,43.74912792668841
10.3,45.683
11.185872047779482,45.18415908544824
11.44,42.467
12.0,41.713
10.036,48.83
10.135,47.67
11.15,42.52
13.193,36.717
12.06,46.0
11.99,39.39
12.333,35.723
15.367,33.283
16.357,32.153
16.527,31.607
16.987000000000002,34.81
16.473,35.72
15.867,37.477
11.437,51.55
11.877,48.253
12.237,43.72
13.857,39.93
13.28355993968917,44.98570654232264
14.943,40.097
12.89,42.517
15.173,34.09
17.337,30.737
30.807,15.47
17.73,34.493
15.653,37.407
14.423,42.033
15.671792393369772,40.877293397784875
16.943407228562833,37.3858715472765
15.697,33.736999999999995
13.747,41.837
15.628963877658126,40.93945951368997
14.653280765040092,41.1667641785625
20.62,33.687
19.56,37.33
19.417,35.223
19.243,38.777
16.45,41.113
15.953,41.893
15.4,42.22
14.617,43.47
14.557,45.137
19.503,33.69
22.077,30.43
19.36346198112541,34.3726008912642
22.63,28.87
20.2314744852079,30.005921783678986
18.043,39.7
14.523,40.967
15.024671176607189,41.488801823909384
11.817,44.72
16.288582511011903,39.53573545753932
12.203,50.93
10.54,51.21
11.177,46.753
11.037,46.63
11.64225818394321,44.833171072394535
11.01,44.94
11.753,48.733
10.247,53.827
9.722,58.623000000000005
9.911,63.84
9.575,64.257
9.853,56.137
10.469576827082435,54.23796689424512
10.313,52.417
10.350319797170801,52.026456505109905
10.443,50.39
10.837,48.26
11.703,42.92
11.6,43.427
11.667,42.287
11.757,41.26
12.383,40.87
11.663,40.137
12.657,41.943000000000005
10.193,48.93
9.911,54.353
9.675,49.25
9.429,53.51
9.461,51.907
9.422,50.76
9.796,51.19
10.56,47.187
10.815691355385741,46.33192241011083
12.067,40.273
12.953,40.087
12.637,47.893
12.283,48.53
11.443,49.047
12.03555353718668,51.192725858115544
11.583,50.527
12.818880243981953,51.980172823974094
10.823,51.623000000000005
11.097,47.58
11.537,46.17
12.09,52.343
12.67,51.927
12.783,50.113
13.557,48.66
14.197,45.583
14.448088512417085,48.496711562870054
15.827,41.92
15.813,41.65
16.807000000000002,41.283
15.993,47.327
14.049325262356307,47.20549122279869
15.64,49.94
12.877,54.677
12.71,57.613
12.68,56.23
11.903,55.563
12.41,52.447
13.067,49.393
13.648758334545377,47.69761605813341
11.690535113138353,50.88144496147858
11.999432203444504,50.96562016739273
13.07,49.993
12.843,49.747
11.683,53.673
11.573,51.56
11.553,51.53
11.64,49.85
11.24,50.93
9.735,58.82
9.653,55.377
10.327,50.197
10.623,50.357
10.761425884030606,52.24287652576726
10.871249188556755,51.98314712090606
11.91,46.043
13.926793887373394,42.4703360900876
13.69,43.437
11.687,48.49
10.433,51.88
10.267,49.873000000000005
13.716959658347697,39.41869559321493
14.51,38.17
15.253,41.09
11.75,53.66
13.857,41.427
15.51,36.657
17.737000000000002,33.263000000000005
17.737000000000002,33.263000000000005
21.127,28.167
19.95,32.2
13.41,41.777
13.457,41.347
13.727,39.943000000000005
11.83,44.47
10.497,47.787
9.131,48.51
10.867112146689436,43.5288643897912
10.007,45.67
10.45600218355907,47.08922437646365
11.056086356827777,45.38048083911434
10.41992301748304,43.38472354866834
9.666,45.35
10.157,44.533
11.097,40.43
11.01,41.893
11.65,40.987
13.26,37.65
17.037,31.107
17.949243553785045,29.080386869067972
19.80504037136282,27.187009157116726
19.667,27.103
18.95,27.417
20.643,25.533
20.627,26.76
19.943,24.707
19.976513425889454,26.80692497470783
20.225194274071757,26.223014574513247
19.84,27.323
18.743,27.337
19.833,27.083
20.577,25.767
20.247,25.907
15.003,33.153
15.427828732574914,33.4286537238228
15.527,31.26
14.015106349463137,34.897188297723424
12.927,37.733
12.507,37.02
13.803,34.2
14.007,36.017
14.693,35.037
13.846214995639645,39.57005350386702
13.40233847928395,39.22875822323897
15.169429730053567,38.74197334245866
13.394227130212679,40.71195543222304
14.2,40.353
12.832678277216992,40.52186737825313
11.547,45.94
15.153,35.677
15.743,34.02
16.357,35.306999999999995
18.003,34.31
18.183,33.107
18.467,31.93
18.837,32.607
15.917,40.39
15.577,38.687
18.157,39.217
19.106359820033195,35.402688152454346
22.387,32.13
22.627,33.673
22.967,33.1
24.139250870349983,30.285429870063123
24.447,30.073
25.233,29.36
24.983,30.443
24.543000000000003,30.403
27.157,30.253
25.307,30.5
25.653,29.317
25.9,28.33
25.19,28.33
26.4904420900296,29.049092393522464
27.8,26.59
30.757,22.0
31.06,23.007
29.667,27.307
28.63,26.073
30.617,21.593000000000004
32.897,20.237
35.03,18.447
33.907,15.987
33.4,19.04
31.06,20.4
33.12,16.087
33.23,19.803
30.367,23.25
31.317,17.387
32.7,14.9
33.02,14.047
32.12,14.837
32.49,15.527
32.683,13.567
31.58,16.91
32.34482736149122,15.090558147210237
33.09,13.13
34.3,12.457
32.423,14.765999999999998
33.473,10.683
31.187,20.257
29.573,13.337
33.802510894592906,12.17857794549388
35.126999999999995,12.473
34.303000000000004,13.467
32.933,12.277
33.98,13.897
33.78,12.59
32.927,12.833
32.53584544433869,14.408441858413862
31.677,16.192999999999998
31.673,15.653
39.15,7.876
35.52778526604984,12.815599170002098
37.74,9.162
38.063,9.775
37.577,9.748
40.667,7.906000000000001
39.27433075217999,8.818869346053082
40.257,8.981
41.267,7.8
39.753,10.723
40.77,11.632
39.970725151783235,10.022386156966961
41.32,12.186
40.443000000000005,9.112
42.103,8.375
42.333,12.925999999999998
41.803,10.048
42.15,8.531
42.46,7.752999999999999
42.79,7.598
45.593,5.817
46.323,4.297
46.48,4.728
46.597,4.18
45.3909832743059,5.31492862905576
46.443000000000005,6.114
47.153,4.541
43.367,13.04
45.657,7.468999999999999
47.527,7.742999999999999
47.207,9.212
46.637,7.934
47.413,5.194
47.907,5.968
46.811764907476075,6.506678609982775
46.94,6.046
48.46,6.49
50.277,5.442
51.43,4.353
50.187,7.221
53.04,3.851
51.75,6.763
50.97,6.218999999999999
51.063,7.257000000000001
49.85,10.453
52.277,5.294
52.077,5.093
52.663,5.606
53.11,4.225
53.02379367738489,5.50650285036752
53.577,5.832000000000001
53.753,5.591
53.957,5.059
53.977,5.46
50.553081309305966,10.407301228938953
50.407,7.047000000000001
50.35259336949433,9.325071349069951
50.84,10.496
47.777,13.987
50.12,9.852
41.443000000000005,21.45
43.313,16.127
49.723,9.975
48.213,14.693
46.783,14.65
52.203,8.216000000000001
49.217,11.52
50.467,10.223
49.44,10.844
49.47277096123682,12.34132030072577
49.44,10.844
49.363,14.053
46.383,16.053
48.177,13.523
51.153,8.968
49.58,11.433
50.22,10.309
50.927,10.857
54.19,8.41
51.04256608313359,12.465118528271383
50.64,17.43
51.25,15.313
54.42,10.354
55.47228676722277,11.595712932083561
56.527,10.81
58.267,8.61
56.69,12.823
53.87,13.703
57.313590128775346,11.975053506189324
58.22,12.12
58.807,12.133
58.573,13.793
53.087,11.44
54.67,9.323
49.123000000000005,17.547
50.81420278357961,13.400385660103643
48.78,10.82
48.85,8.512
56.3,10.168
55.152463661749096,13.560687779541553
55.513000000000005,11.047
53.663,17.83
48.413,22.033
55.31871936453234,12.375593779322148
55.293,11.613
55.06063400866051,13.792567248290544
55.85,9.742
58.913,8.304
57.5,10.119
55.14,14.06
54.613,14.527
58.203,8.078
55.35599175058538,10.611953458387442
54.987,10.315
55.237,13.56
56.4,7.968
55.35584560022591,11.747407148332174
53.06,15.303
62.473,6.05
61.797,8.103
61.07,7.57
59.133,12.977
58.443000000000005,9.688
57.93,8.565
58.037,6.691
49.33,6.73
60.363,8.254
60.803,11.220999999999998
64.197,7.367000000000001
64.21,8.361
66.57,7.403
64.967,7.007000000000001
66.597,6.8
65.337,7.785
63.15,11.62
66.013,5.695
65.67451589835161,10.192859452295886
65.03,13.83
66.137,11.437
69.94,9.632
63.697,18.867
61.203,14.613
61.817,8.81
62.393719337466585,9.922471042664474
66.26,7.791
61.41186337051498,11.274672811140423
62.553,13.457
49.27,12.51
62.23,10.375
53.213,6.852
68.197,11.803
69.65,5.837999999999999
66.193,6.483
62.53641872120327,8.605072616461657
68.833,7.082000000000001
66.38386879548953,7.690644834378908
66.44745875083662,7.635176990783607
67.487,7.153
68.26,6.901
68.19,6.153
68.483,5.097
67.493,169.101
66.99013156916475,53.679645812569376
67.0963316192405,54.767877417321905
72.87,12.89
79.867,10.476
69.7889469492591,9.79996282682575
72.97,9.796
74.14902393058334,7.53084518010968
73.723,5.582000000000001
78.187,6.303
71.487,5.81
62.80885553957292,5.325856259113039
60.307,2.839
59.537,3.423
57.537,4.77
56.07,4.138
58.8644201596139,5.240453846392947
58.807,6.539
55.307,2.978
55.3,3.968
56.29527841912781,3.6674348630713753
55.757,3.3960000000000004
56.26825925949745,3.5168948751257316
56.16104217058853,3.9708089993562155
57.547,4.405
56.174242482325766,3.986634583490464
55.997,2.698
55.293,6.676
53.16715204249873,7.997592794339963
55.7,9.523
52.123000000000005,9.838
52.657777126169805,8.581612018107801
57.297,5.7620000000000005
50.723,4.577
51.793,9.713
50.477,7.367000000000001
51.97,5.896
51.893,5.372999999999999
50.58828024794466,8.906037005095953
50.12,13.015999999999998
46.533,11.917
51.237,7.581
51.823,5.513999999999999
53.257,8.872
48.493,6.211
47.52,11.741
50.17,7.091
52.923,3.187
52.76,8.399
49.36,4.631
49.137,8.33
50.177,7.425
49.567,6.807
47.63,6.816
48.957,5.073
50.537,2.323
51.317,4.467
51.01,4.15
50.627,4.439
49.97,2.835
48.893,5.205
47.003,5.553
45.873000000000005,4.649
47.713,4.51
45.25,9.591
43.113,10.283
45.763000000000005,5.017
49.33,3.684
50.583,5.125
51.35,2.95
51.187,3.2060000000000004
50.573,3.499
51.407,6.093
50.197,4.982
51.633,3.068
51.88,2.832
50.657,10.145
48.31,5.516
50.853,5.284
48.937,1.953
49.11,3.959
48.19,8.023
50.30839299648737,5.737028929823752
50.873000000000005,7.053
48.743,8.022
49.043,8.783999999999999
49.417,6.682
50.323,4.654
51.077,3.297
51.173,6.362
50.55155824252858,5.36092053918157
52.337,4.194
51.807,4.404
51.85,5.297999999999999
51.513000000000005,5.287000000000001
46.797,7.866
50.68,5.127999999999999
51.39,6.622999999999999
51.573,5.763
51.118263188061896,5.4685378536296465
48.727,5.047
49.797,5.015
47.607,5.631
49.477,3.867
49.9548329268817,4.738852691238009
52.467,4.254
52.307,3.874
49.65977825729177,6.070326506551351
48.947,5.83
48.75,7.994
46.317,10.697
49.443000000000005,4.565
48.64,6.147
48.21876223179154,5.446965141162078
49.143,4.897
48.058493492182656,5.756802924201792
47.657,5.379
48.037,6.104
47.94,7.292000000000001
48.04,5.178
47.807,8.802999999999999
46.277,8.851
47.897,9.277
46.83560953683422,9.822608534063608
48.293,7.834
48.563,8.491
46.327,9.487
43.9,11.07
42.59,15.77
39.29,14.497
44.128022132198225,11.879901076921247
47.027,6.849
46.26,9.238
47.21,4.8
46.047,6.869
48.0,7.018
47.867,8.175
43.613,9.726
42.837,9.522
43.83102442369267,9.298092344054394
45.713,7.819
45.75,7.784
42.053,15.237
42.93471934859478,10.937116562817739
40.05,12.487
43.867,9.63
44.433,11.484000000000002
40.767,13.903
40.597,14.487
44.503,7.782999999999999
43.807,8.124
44.063,8.441
40.703,9.428
43.357,13.347
36.127,22.527
33.52,17.29
37.92,14.777
37.323,15.393
36.37,11.143
40.023,12.38
40.59,11.483
34.337,18.347
33.126999999999995,16.123
35.507,17.7
41.783,10.969
37.6626065164841,13.6472698025654
41.947,10.44
39.087,11.993
39.753,15.21
30.307,20.883000000000003
32.58,18.807
34.53117127315409,15.583899610664757
34.95,16.367
36.863,15.223
34.503,14.89
30.213,14.0
35.533,15.56
34.1,16.647000000000002
34.297,16.35
29.66,17.143
34.477,25.33
25.467,26.213
22.78,26.497
26.49,26.66
28.183000000000003,25.177
30.38,21.81
29.06,22.27
26.693899591747805,23.354375953111187
24.683000000000003,31.893
26.86346709782207,24.608648050137433
26.153,24.423
26.32,24.767
27.677,23.673
23.877,31.213
25.861571270787234,27.33796345396819
25.487,26.157
26.877,21.14
25.077,21.057
28.214645131697342,20.92727952441783
25.15,27.44
21.057,34.073
27.543000000000003,20.043
31.51,15.703
33.087,14.997
32.823,17.023
30.57,20.97
28.69,25.373
27.077,23.897
29.882986690621003,18.743227509023313
30.97,13.99
33.507,13.683
27.257,25.68
25.773000000000003,21.497
28.653,20.083
30.476361955535946,17.55539907593218
29.140973558943866,21.458982621092655
31.9,15.117
30.21210882159041,18.397951523977227
32.053000000000004,15.453
27.5,23.503
25.923,21.303
30.86951803503136,15.32139344756631
29.473000000000003,13.393
31.380660087015706,15.144124331681388
31.426023673332494,15.106596784376746
31.313,16.267
30.513,16.387
30.127,16.91
33.76,11.598
33.25,10.84
32.62,13.767
31.71,14.767
29.657,14.46
30.177,15.36
29.38,16.167
31.523000000000003,13.22
30.837,12.297
30.893,11.633
29.743,17.073
25.69,20.56
28.01890764464259,16.815234096973715
21.69,21.78
18.497,21.59
25.033,18.217
26.843000000000004,17.21
25.19,19.737
25.660124519646924,20.034608469212206
26.190715012911124,20.405016728004416
27.503,15.53
24.17,29.853
25.26553627646581,20.56560624213531
23.41,19.647
26.253,16.077
27.517,16.547
28.455998312176344,16.83025593826676
26.84,14.62
24.027,26.27
27.296716885167445,19.243171408212085
28.238777692621795,17.45692432637987
27.173,19.01
27.063,14.893
30.49,14.9
33.83,9.074
35.077,11.25
31.936524293845768,13.18097057830966
32.387,12.437
32.867,16.46
33.941440362393415,13.59235935153071
34.993,10.64
35.68,11.023
32.89,18.17
37.81,8.847000000000001
33.797,12.993
33.803000000000004,14.69
34.19,10.447
35.813,10.711
30.517,21.39
27.787,20.533
31.337,13.307
27.527,18.973
30.584218279362858,17.201606928583395
29.413,15.267
31.01,14.36
30.153,17.137
26.837,17.887
25.203000000000003,24.01
23.51,22.807
25.363000000000003,20.123
27.427,17.373
25.052953321217835,22.115645773502866
26.04,18.797
28.77,16.33
27.12524925099157,17.450445805867805
25.020822591316474,20.21403041451509
25.207,20.503
21.677,26.307
21.637,25.5
22.47786307249615,24.74961838779839
22.963,26.833
20.663,27.127
21.017,26.443
21.297,25.257
24.807,21.727
22.06,28.23
12.353,47.747
17.1,30.73
15.663,40.12
23.777586819178094,23.137542313236334
17.127,24.593000000000004
24.433000000000003,21.47
24.968740504272972,17.70363115378943
27.457,13.99
30.7,12.577
27.464787474482417,14.728298888025153
24.32109439835649,18.106693700893185
27.737,14.523
27.760803981737407,13.757265923973907
28.783,14.567
27.83,16.28
27.023000000000003,15.07
29.737,13.393
28.260116732822315,14.818791271723464
27.19689861385833,17.73835658197652
22.673,24.057
20.27,29.797
23.925161944253247,20.85327595499007
19.77563916470782,28.41335436379898
17.45,32.767
14.257,30.357
21.827,21.01
22.42,20.503
24.41,16.543
22.63,19.08
21.297,20.513
24.6035,18.29
24.6035,18.29
25.387,15.877
27.323,14.45
26.473000000000003,15.153
24.304113497425323,19.081295791153536
23.453000000000003,24.777
22.207,21.698
27.987,15.32
24.784630932250455,18.363435413713148
25.447,19.327
26.143,17.347
24.853,19.26
25.503,18.16
25.503,18.16
23.13,19.487
24.974402867227585,18.111508549332186
22.207,21.698
26.39599536978586,15.255958950181261
26.760433152724048,15.474807131317954
25.997,17.937
26.65,14.96
27.763,15.01
23.99,22.393
26.181036805418543,16.59963987987601
26.35,16.437
25.957,14.867
26.79,14.45
29.337,12.13
28.49,16.477
18.827675998799524,26.404785751889037
16.963,27.713
18.84,24.323
18.7,28.397
18.947,28.537
22.39,19.667
22.72,18.79
16.73322547926564,28.042508118170478
18.017567156709493,27.62017765597214
16.474567205716905,30.570735281739104
18.46778909616573,26.71041590308333
18.103,23.367
18.81,29.17
15.77004927834258,30.244695146315344
12.433,37.89
16.009163015699347,32.780148151662104
13.897,32.806999999999995
13.737,31.067
13.793,33.167
13.407,32.753
17.403149086682618,26.558877061519382
18.3,24.287
20.57,21.687
23.85,15.623
23.523000000000003,17.387
14.073,29.133000000000003
16.167,26.397
15.773,30.887
14.337,31.593000000000004
12.803,32.25
12.617,33.917
24.387,12.993
26.183000000000003,13.277
24.03,14.153
25.09,14.673
23.023000000000003,17.813
23.02,16.893
22.214726519867867,18.91406938718587
18.64,25.273000000000003
19.817,20.49
21.89,20.557
30.683000000000003,8.815
24.25055836939413,16.792582519705412
21.02,19.74
24.763,16.233
29.087,11.32
26.693692998368892,13.265860897514434
29.517,11.703
24.71,18.843
24.593000000000004,16.537
26.593000000000004,15.207
26.7,13.673
27.467,12.73
24.333320306260518,19.312681942620006
20.757,20.927
28.413,12.797
26.017,16.383
22.21,20.56
23.163,19.64
25.777,15.16
19.593,26.127
24.703000000000003,17.267
30.08,8.994
33.087,8.277999999999999
33.443000000000005,7.814
31.853,10.77
31.12,11.773
21.83719424671673,20.872832809074104
24.867,21.09
20.827,18.497
20.472992487066946,22.361487166257234
22.55716821065845,20.284177975497425
19.143,23.707
17.173,24.75
15.63,27.32
16.493,27.39
18.52944643724151,24.9184924010782
15.103,27.84
18.107,23.16
19.407,20.373
25.72547992058638,16.637681898092993
25.376947040717603,16.677441012586495
27.677,14.177
25.133000000000003,17.07
22.153,17.883
28.109822292750394,13.869314233569684
28.784311153269226,12.461544492182156
30.217,10.719
27.413,14.333
29.19069976273367,12.020510152749429
29.773000000000003,9.82
27.26,16.283
29.16,11.97
30.367,12.217
29.113000000000003,12.313
28.06,12.043
31.583,11.443
30.037,11.76
29.694191433205283,14.482964464318357
25.583,15.857
29.227,13.793
30.307,11.963
30.16,11.677
29.637,12.917
32.28,12.397
29.414793133220005,13.859092031847133
28.42,18.427
27.963,17.22
29.187,12.883
32.473,12.267
32.803000000000004,14.73
34.167,10.977
34.78,11.04
32.553000000000004,10.877
35.943000000000005,11.44
35.847,11.26
34.74,12.737
34.714846184554666,12.92161589535225
34.357,13.71
33.1,12.65
34.497,13.243
36.24,12.103
35.979840827314156,15.810890235631478
34.647,16.543
33.967,25.26
37.5753596249835,11.949212486553842
37.6,11.148
37.437,13.207
35.937,12.067
38.66,10.611
38.923,10.312
37.74815046510965,11.337302458812179
35.63,15.277
38.17232828852836,11.70945592808307
36.937,13.237
36.95,13.66
38.204316077617754,11.983242840760363
37.283,10.623
38.2543240325825,11.427728370009671
40.41,9.146
39.59,10.383
38.377,9.955
39.02475928926723,9.306103497909268
40.51,7.531000000000001
39.573,7.52
39.743,10.087
39.71,7.553999999999999
38.697,9.227
40.12,9.884
39.34,8.077
41.53743215216516,7.678104912981809
40.123000000000005,9.556
42.363,6.5920000000000005
43.313,7.09
44.513000000000005,8.851
43.05,11.991
45.38,6.691
46.483,5.757000000000001
46.17,5.95
46.373000000000005,6.067
47.043,10.274
45.15,6.737
44.32,6.398
45.89,7.494
47.707,6.809
46.403,8.14
44.39,10.458
45.38,5.86
44.3,7.222
43.587,6.915
44.13458635606612,8.565981596344416
41.17,11.654000000000002
40.797,11.673
44.25,6.194
43.91,6.2170000000000005
43.41,9.873
40.163,17.395
44.73,4.486000000000001
40.91,16.203
45.937,7.517
36.95,18.717
40.537,12.382
47.053,5.1080000000000005
45.57,6.227
11.15638017722645,24.601330378828067
12.823,22.95
12.457,23.693
11.73,26.717
11.227,25.787
9.738,27.87
5.685,26.747
12.063,27.85
10.25,28.627
10.42043541698115,28.33837989336034
10.19,27.67
10.014128129590635,27.97878164163791
9.832,30.053
9.945,29.26
9.895,27.803
9.886,28.763
10.441473290936257,25.0075499127131
10.153,27.1
10.407,26.487
10.233763935522868,28.12544174513913
9.937,28.227
10.529418375498308,28.554489189424544
9.639,28.29
10.27,28.94
10.317,29.59
9.304,27.933000000000003
10.001,27.837
10.67996885954563,24.599809558277308
11.2,23.333
10.782810989153571,24.42514895058603
11.957,21.053
12.28,20.707
12.24,19.63
11.277,20.78
11.577,20.777
11.713,20.29
11.48102707180545,22.547962457879507
14.04,19.267
9.074,19.753
14.847,19.197
13.2,19.38
11.733,19.813
11.783135706475228,24.34480997041782
14.193,23.527
11.497,20.087
11.207,20.673
11.98,21.413
12.04,18.683
16.36,16.59
15.39,18.957
16.563,15.607
16.977,16.107
16.993,16.673
18.05,14.2
16.754330507352957,15.437401177822114
20.09,13.24
21.327,13.183
23.951526351455264,12.780489072323462
26.003,13.41
28.123,11.843
29.882905011135065,12.852457281298511
31.103,11.85
32.92935175216592,12.393484113416157
35.92,12.101
33.167,15.863
36.25,8.975
40.887,9.642
39.43426604002472,11.583508550279133
40.077,9.811
38.613,13.6
36.59,13.64
40.87,6.921
41.803,11.436
38.097,12.987
41.423,7.492000000000001
42.243,5.98
42.438807059232985,7.317457444418063
43.687,4.887
43.48698955254121,5.541701909972624
43.343,7.037000000000001
44.31,5.899
44.723,4.067
43.64058542367235,4.8912191021706555
42.283,5.982
42.49,5.94
44.27861428232573,3.482951063328878
44.355257230685226,3.43475942651461
43.483,3.09
45.103,3.196
44.935791485119104,3.459247199183756
46.44,1.879
45.213,4.255
45.06,3.2
45.94,1.892
46.006031032728046,1.630752466342446
45.96,1.263
47.543,0.05
45.258487281904685,3.037992324382683
43.85,1.955
46.24,2.392
47.273,2.068
41.72073860030926,11.640586863238747
44.703,3.2230000000000003
45.167,4.049
44.033,8.466000000000001
43.17,11.143
41.24,14.183
42.207,8.362
43.413,10.084
44.163,8.787
43.29,10.316
42.84274631774979,10.88336771953035
40.677,14.783
39.427,15.99
40.213,13.393
41.513000000000005,11.303
37.097,18.62
36.067,18.79
36.737,17.577
42.023,10.998
42.053,10.123
43.62,9.177
42.57237310898936,10.648003802329947
42.97,10.89
43.077,10.624
42.727,11.012
41.95,10.588
42.533,10.533
39.063,15.357
42.903,12.19
41.857,14.29
41.557,16.047
42.446608642984245,15.760235144246703
42.397,19.073
40.67,20.123
42.54959964755194,15.811739666490134
42.66655809852237,13.811547688024728
42.75960756759419,15.069112480502435
46.837,5.897
42.57,2.302
42.067,7.178999999999999
43.29811362290267,6.09545683243044
43.487,6.544
45.057,6.321000000000001
45.497,5.001
43.883,7.665
43.213,6.6160000000000005
43.523,6.359
43.803,3.943
44.713,2.687
43.803,3.943
42.637,4.552
42.608615320175176,6.674708115645662
39.497,10.075
41.46,3.029
42.023,1.669
41.72,3.017
41.78,4.895
41.88749474895151,3.632782419771743
37.217,10.347
38.91,6.435
44.283,2.272
43.557,5.1080000000000005
45.757,4.517
45.627,3.239
46.997,2.869
43.875264229755714,5.875263946124199
43.41,7.068
44.81751043886371,6.330893768587784
44.79952041602138,6.913669296188965
44.83,10.494000000000002
45.773,6.547000000000001
43.960402604399874,5.804550243804042
44.17,4.356
43.807,7.366
45.317,2.563
45.46,2.8510000000000004
43.137,5.599
41.663,4.932
39.717,12.668
40.79973110269228,10.758913049108402
41.393,3.4160000000000004
43.76306877301828,3.5318939311484674
41.88163703030071,6.88893917004111
35.707,18.729
42.027,3.624
43.813,4.162
44.74,2.5860000000000003
46.093,6.321000000000001
46.19816631836559,4.27151036399713
47.13,4.243
45.503,4.17
46.24983820336498,4.638644703611948
48.357,3.1830000000000003
47.76,4.2
47.19366814232518,4.1319834984084025
47.74923588653242,4.079299771864547
48.31641473805902,3.5469570050444306
48.867,2.337
48.49,4.011
48.39,3.426
47.47,3.512
46.44,3.993
48.47,4.127
47.387,4.503
45.24,7.614
49.107,3.222
50.553,3.102
48.487,9.246
48.99401409496057,6.461996829780585
48.757,5.233
51.693000000000005,1.912
49.863,5.045
51.68,4.329
50.832523428680574,3.8349317057785464
53.67699056377468,2.3158195051828776
49.813,8.632
49.643,8.767000000000001
51.36,6.393
55.503,3.221
56.993,1.362
55.973,3.044
53.303,4.015
55.593,3.705
54.79,3.052
55.117,2.147
54.99,1.347
57.34,2.602
54.72552499988666,3.068361149993367
50.64,6.263
49.277,7.568
54.15,4.612
52.31054285965732,5.438101630591257
53.993,4.15
51.867,4.996
51.86,8.316
54.967,3.1180000000000003
52.277,2.13
55.61,4.071000000000001
53.65,6.694
55.127,5.013
52.73,9.087
52.137,8.732000000000001
54.76,5.254
56.23,4.999
53.513000000000005,4.376
47.47,11.963
55.993,5.3
56.837,3.593
48.06881122009694,2.538095823721094
46.733,1.6740000000000002
51.144780021236286,2.905991237625947
53.663,1.23
52.547,1.693
43.15,3.173
47.98,3.998
52.017,2.02
49.513000000000005,2.807
49.993,2.272
50.71,2.017
48.863,2.92
49.36648188394755,3.4262434490001663
49.923,3.837
51.663,2.963
52.01,2.9530000000000003
49.857,3.363
49.617026335415254,2.770730762708423
49.893,2.757
49.257,4.051
49.573727873004856,2.774648045931245
46.303,1.813
48.117,1.76
49.281518947209015,2.912882360602059
49.47446652785522,2.9736869397163956
49.22405595931514,3.8925238024410804
48.72,7.258999999999999
44.08,2.318
55.717,4.765
54.85,6.803
56.003,5.537999999999999
55.813,6.492000000000001
53.697,11.713
51.95,12.693
55.183,6.276
55.873000000000005,4.6
56.773,4.979
56.107,7.188
54.47,8.093
54.68,6.688
55.207,7.542999999999999
56.32,7.277
54.9,8.602
53.403,8.198
54.74152808717697,7.941851144682911
56.207,6.227
54.907,8.579
54.907,8.579
53.203,8.978
51.073,9.59
52.0,9.309
48.247,8.892999999999999
53.97,7.647
53.653,9.286
52.703,8.766
53.823,5.252000000000001
52.513000000000005,4.83
55.003,7.058
55.727,4.928
53.84,6.075
53.67824350825849,5.361324122630918
51.067,4.625
53.17694498136518,5.630098588694561
52.6,5.845
51.41,6.641
51.65,6.341
53.344715608411086,6.019266045896403
54.833,6.329
55.257,3.66
58.4,3.1660000000000004
55.83745439300944,6.972432145053177
56.693000000000005,7.47
58.497,8.32
55.85,10.353
61.27,9.751
62.007,8.465
60.133,11.43
60.543,8.892999999999999
62.69,6.899
62.247,6.5920000000000005
63.69,5.733
64.773,8.497
63.527,6.809
61.453,4.313
62.98295583700587,5.91436608102458
63.08,5.571000000000001
62.733,5.693
61.417,4.915
61.03,4.855
60.738749823762646,6.461661806094581
55.96,10.366
61.35,5.648
60.403,6.009
57.75,8.336
58.64001669220095,7.535821627668075
58.793,7.51
56.63651833886749,8.671675938299462
57.85,10.248
54.587,7.792000000000001
54.993,8.744
57.81,7.797999999999999
54.97035379905831,11.569852588343272
53.397,15.323
50.947,15.36
50.38,16.127
49.607,17.77
51.457,12.277
53.183,12.03
52.817,13.13
54.633,9.956
54.117,12.687
53.60317213768647,10.745593266006537
51.693000000000005,13.693
54.207,10.812
53.74017188888528,10.387836737631282
53.203,10.94
53.46,7.906000000000001
56.81,7.152
57.737,7.106
56.98,6.096
57.237,9.282
56.37,10.217
56.50273189243532,8.838656400643492
57.183,8.508
58.247,7.772
56.893,8.339
53.017,11.417
52.553,12.043
55.507,11.817
50.44,11.477
55.01399480284134,10.545613814742751
52.87,11.283
52.53,10.388
54.297,13.8
47.003,15.067
40.683,12.073
41.983,10.407
46.613,8.981
51.637,10.287
49.877,9.5
56.7,8.825
47.633,8.417
48.75,8.311
51.82,8.503
56.467,8.324
49.74,9.82
46.857,9.179
43.33,8.522
47.283,8.866
55.74,8.538
45.98,7.647
47.05814202646969,8.745428770359174
47.763000000000005,7.991
47.38,7.532999999999999
46.283630001477235,7.982440910800146
38.583,7.767
40.273,8.35
49.71,8.294
37.33,8.594
45.32,9.097
36.973,9.418
37.543,8.988999999999999
47.093,8.535
44.07,8.794
48.543,8.927999999999999
46.237,8.722999999999999
41.08,8.955
37.457,9.059
33.027,8.921
43.44,9.005
34.243,9.839
37.65,9.946
34.383,11.807
36.977,11.037
31.69,9.954
34.583,11.223
35.217,13.723
32.957,10.387
38.38,10.632
43.45,11.19
46.55,12.7
36.28185783332813,14.95164830262046
36.32049753849245,14.864434154796296
31.943,18.867
35.827634598451084,15.43116540816472
35.57,16.51
34.287,13.887
35.99172894987873,14.8531137577897
36.022788537474106,10.843658285669543
36.923,10.493
35.267,11.52
33.623000000000005,14.703
34.897,11.12
35.227,12.441
34.11941147422778,10.809735181036896
34.51159292051303,10.635700494008603
36.84,8.817
30.71,14.72
33.067,12.353
30.987,11.653
30.9967321284781,12.668100044376374
32.293,12.087
32.65330314452897,12.023718080029202
30.93563625303556,13.646758271498642
33.893,11.68
33.267,11.68
33.417,10.901
33.8,12.537
26.19,22.1
26.03,19.103
31.467,11.633
32.83,14.573
29.702261949596355,15.564057102026023
30.903,12.65
28.923,17.95
28.75,15.627
27.783,16.59
30.243,14.68
32.01,12.05
32.77274323852942,13.029508667739563
32.020301040771756,14.558286746224793
32.182496519813476,12.851863306027173
34.23650000000001,12.34
34.23650000000001,12.34
31.957,13.987
31.247,16.127
30.09,15.32
28.123,18.95
32.08,16.01
32.085358415680865,14.13804279219119
34.306999999999995,9.039
31.143,11.08
33.876999999999995,8.219
36.323,8.496
35.647,7.986000000000001
34.293,9.336
40.017,5.678
29.016424154515732,17.829238665977417
30.147,19.58
32.99,13.547
33.087,14.433
15.91,17.057000000000002
20.42,22.883000000000003
20.583,22.527
25.347,21.487
21.76,19.85
26.653,16.89
24.813,14.84
24.867,13.253
27.267,12.123
27.483,12.553
29.213,11.343
28.817,11.29
29.497,11.813
29.623,13.22
30.317,13.047
27.38,13.547
23.02090103412928,19.08646107824589
23.540892483371124,21.134701564208427
25.036480124744863,21.4333677437971
11.117,38.497
10.637,42.153
17.053,31.76
23.643,19.69
25.323,18.327
19.83,23.73
26.90673023403177,16.62093575069954
26.9,17.72
15.34,38.807
14.107,32.963
17.417,29.083
16.46,31.993
17.877,31.363000000000003
23.56397563443493,22.604545439149714
24.817,23.957
24.633000000000003,26.033
16.173,37.89
16.05,37.087
18.43584103119281,34.530172369240496
17.173,32.393
28.397,19.84
28.057,18.737
28.747,17.773
27.853,19.277
30.777,13.837
22.573,26.317
21.39,25.843000000000004
21.01,25.697
21.17,25.237
20.22,26.727
20.667,26.743
21.167,22.247
21.207,21.58
20.67,20.993
20.398728740707487,22.71893028593902
16.52252401454021,27.206091335595314
15.06,30.207
21.11642070433288,21.17757338133494
15.92,26.797
32.383,6.763
33.8,7.709
28.68,6.283
24.596,6.537999999999999
19.155,7.851
21.25,7.303999999999999
38.64323393086607,7.7473319727128365
25.807,6.147
31.337,6.523
32.317,5.806
28.523000000000003,5.827000000000001
29.2,7.772
33.597,7.071000000000001
35.787577180928714,7.09756975739989
42.247,6.281000000000001
15.463,9.869
43.723,7.199
39.02,7.066
35.197,9.54
18.947,8.269
49.557,8.772
31.917,8.158999999999999
24.779062024973804,8.323451168303936
31.037,9.682
41.089229257083566,8.078330484998157
30.9,10.115
52.017,9.007
25.987,8.668
23.63,8.256
36.737,6.952000000000001
34.773,7.79
36.49458098608425,10.85570140049916
34.973,6.63
41.30838933088008,9.044993334286684
38.632098626212574,9.43955124304394
46.877,7.167000000000001
34.277,12.38
38.763000000000005,7.643
38.4557744408141,6.763339470417409
32.297,6.931
33.49,21.423
40.813,6.789
51.33,8.352
38.36741294913405,5.951218322786499
33.283,8.181000000000001
35.957,8.01
37.98787724470462,5.948849359305933
48.59,9.901
59.193000000000005,7.975
50.017,7.158
27.707,7.451
49.58,6.76
48.033,5.303999999999999
42.99703521245189,5.637395722076162
52.993,5.088
44.517,4.529
32.736999999999995,5.007
30.293000000000003,4.937
53.47,4.94
41.24318118297345,6.026449221683573
45.93037951378177,6.001384800311481
45.57,5.884
37.04,3.684
40.34,5.968
39.537,3.849
44.203,5.269
33.14,6.919
36.403,7.965
42.64,7.857
47.68,5.854
43.70967551513199,7.448449515908525
59.137,4.612
38.647,6.524
38.873000000000005,6.75
33.967,7.184
42.43,5.86
46.189093863408225,6.199592566354661
43.2590536051401,6.868802611425076
39.48,6.431
59.933,7.047000000000001
56.593,8.071
24.35,7.819
41.61,6.61
44.66617732730384,7.066091017506014
57.163,4.859
36.01,4.836
43.35749735107601,5.514812517690745
42.40638168214807,6.620035305281402
39.457,6.125
37.68,5.337999999999999
43.24237264887528,6.258190619907409
40.24933768566771,6.750736508476606
48.013000000000005,6.157
40.003,6.269
42.303,6.557
51.37,5.138
59.766215818723275,6.197467244429979
80.63,6.096
56.423,5.985
55.103,6.638999999999999
44.713,6.3260000000000005
56.28,4.692
49.553,6.7410000000000005
41.377,8.302
53.71,6.356
44.26176505250114,5.157633494256705
29.48,7.937
62.847,6.509
66.84,7.257999999999999
57.237,6.474
60.927,4.654
46.09068952996973,6.626545712890601
43.61,5.061
57.823,4.54
38.187,6.032
37.663,5.648
57.153,5.823
55.423,4.224
29.447,4.729
37.3917465754447,6.725733645522558
43.483,5.95
49.783,4.987
51.94395282707696,5.80982408614979
40.6,5.064
50.397,5.345
45.17294491888488,6.817079464044687
53.067,5.622999999999999
55.633,7.355
35.25,7.178999999999999
42.907,6.256
64.44,5.738
57.203,7.001
38.083,6.309
49.51310510397379,4.990619399153488
45.833,5.412000000000001
47.707,4.725
48.22577661608025,5.670411346978436
47.317,6.268
67.137,4.848
40.207,6.465
39.461224809976535,6.244042460046937
43.8,7.359
42.197,7.035
50.155503173727496,6.115380556012267
48.658521260439265,5.576326698425712
46.193000000000005,4.285
51.23566455747909,6.301881369955817
39.4,6.396
22.65,10.488
47.61235376729971,3.9471849707324433
59.253,2.011
54.967,2.312
55.993,3.588
43.197,2.902
63.753,4.475
54.64031426125677,3.7951734949603626
51.173,5.632000000000001
50.668180320031055,3.9440928281658763
54.578225450441224,4.703426187405835
49.797,5.487
53.013000000000005,4.865
50.76008895071815,4.1693619324690365
55.237,4.299
48.83,4.087
54.377,3.52
44.327,3.314
54.877,4.08
52.933,5.093
36.213,5.678999999999999
36.767,5.591
48.3411660625203,4.997022967300044
50.507,5.422000000000001
47.053,5.622999999999999
61.057,4.581
53.35,5.697
46.893,6.934
51.61,6.195
52.74,5.71
53.393,6.692
56.947,6.985
45.821568009201755,8.440353506754587
50.48507662974301,6.557466305509536
42.927,10.366
44.143,10.093
44.360561414736885,7.953821726920263
44.126511039018645,6.931456135489283
41.87392964917201,7.295508538839821
42.063,10.043
51.73,7.235
41.937,8.584
55.383,6.966
32.757,6.843999999999999
51.353,7.907999999999999
51.613,7.744
44.74,6.846
49.753,6.88
41.8933151540564,11.213221337287134
51.433,8.505
46.74,9.082
40.433,6.989
39.687,6.919
44.817,6.146
34.603,18.88
30.84,19.49
29.79,18.87
57.267,13.1
42.143,12.413
42.767,13.277
37.063,24.163
39.799824512857455,13.95475868376465
34.743,18.12
41.173,8.335
41.437,7.81
38.427349939948165,7.871855245190892
45.847,5.329
33.48,6.057
39.40626531812272,6.574079568705109
39.783,6.641
35.3,5.361000000000001
33.5,7.766
36.36,5.687
44.583,4.796
43.8514792811424,6.001352893941046
43.95,5.276
39.31,7.21
40.62,7.282999999999999
43.743,8.057
41.95646813632397,6.890087335028319
42.307,5.952999999999999
44.123000000000005,7.662999999999999
48.813,6.129
43.01846572818985,6.005689831508614
49.807,6.055
45.08,5.346
39.597,7.812
39.67,6.843999999999999
37.483,6.632999999999999
43.81,6.779
42.863,8.61
39.33,7.615
42.1867993922431,7.27531726174069
46.59,7.327999999999999
41.49,7.066
46.827,11.729
32.6,9.956
31.217,8.799
34.923,15.547
35.547,10.765999999999998
31.493,8.956
40.533,17.4
39.65,12.478
37.523,8.115
40.39673221098601,9.042385750275065
44.127,7.382999999999999
43.273,6.782
35.74,7.187
43.98,7.074
34.97,7.312
36.363,8.005
40.4,9.733
36.496981992594094,8.98409296095143
40.920144294488836,8.23705468667344
50.8,8.232000000000001
39.143,7.803
46.523,7.337000000000001
38.73135928656981,8.547182637377007
44.243,8.449
42.563,10.925
37.986925127617475,7.422920105464816
43.723,8.424
36.88,6.881
42.157,7.143
42.50711962584318,7.240884736214981
47.813,6.669
34.017,5.733
32.79,6.232
36.243,6.567
32.81108404062932,6.9378280459351895
33.12457442892791,6.782979704830667
33.767,8.086
39.93140459342916,7.217686256014048
38.893,6.318
29.432757072411633,9.449081523523374
42.427,7.037000000000001
28.467,6.504
42.96,8.102
37.787,8.45
22.843000000000004,8.35
37.883,8.675
20.35,9.303
31.734410111069657,9.244865390120525
27.267,9.76
27.663,10.41
34.717,11.433
30.96,10.887
27.477,11.66
30.433000000000003,12.347
22.81,11.423
29.04239489960509,10.637775086339461
30.283,11.503
34.26,10.943
31.071151479780283,10.853296943229264
31.803,10.603
31.293000000000003,11.12
34.857,10.49
30.434128556283316,10.170353079507464
30.268388367218208,10.817620586245381
32.623000000000005,10.67
31.683000000000003,10.671
28.589257047385374,9.365731379051592
42.037,11.5
33.200644523727114,10.21885256162102
33.4,10.607
35.0160805868026,10.359367082506115
31.587245968306235,9.26899243360559
26.89,8.625
39.55,9.156
32.615238333027804,8.823926958832873
33.297,8.697000000000001
44.03,9.455
27.847,8.496
31.1,9.268
16.102999999999998,8.471
34.973,9.9
36.057,10.226
32.597,9.502
34.177,10.029
27.027,9.295
35.36,8.26
26.117,6.936
35.81,7.546
35.66755381533113,8.731426417084364
34.073,8.067
29.42,7.587999999999999
29.173,7.978
33.303000000000004,8.307
35.153,8.476
37.273,9.288
32.08234175867644,8.77898909961068
33.393,8.716000000000001
33.497,8.177
30.166306347491584,8.625472044300508
33.23566945995602,8.549136105991339
39.643,9.666
35.763000000000005,9.372
18.69,8.791
33.957,9.094
35.993,8.732000000000001
34.953,8.355
33.713,9.554
33.623000000000005,8.707
30.093000000000004,9.243
23.427,8.955
26.987,8.699
26.65,7.671
34.143,8.166
24.99,8.914
32.64732335729523,8.301377214710506
30.767,8.802
22.457,8.397
32.107,7.169
34.62,7.513
35.187,8.34
27.257,8.66
32.02958631845626,8.793934360242218
36.22,8.331
30.299635677957106,8.968407395390667
35.29,8.281
23.507,7.865
31.757,7.727
30.499388685532185,8.861491151512988
34.123000000000005,8.084
39.203,8.465
27.93,8.816
14.9,9.115
36.537,10.489
31.37,10.155
26.99923383995867,11.016162517503771
19.383,9.333
21.889,9.904
21.833,9.508
26.782629787169753,10.43418549187149
34.503,10.693
23.867,10.369000000000002
18.213,10.89
26.02,12.897
24.247,15.633
22.26,14.777
25.263,13.34
24.9,11.413
14.75,10.348
24.155260528114606,8.816765024423376
27.58,9.949
24.833,9.814
28.36,9.45
22.073,9.656
23.573,8.861
27.326652071858078,9.88894759813988
28.417394838268915,9.696773932271778
33.76,8.696
35.523,8.838
27.203000000000003,8.617
28.887,8.993
26.028673916105628,7.757252279339934
29.717,7.537999999999999
27.50775023384412,8.992559700971144
29.473000000000003,7.456
22.947,7.552
25.598940411816884,8.069651372224007
21.037,6.662000000000001
12.839,7.308
31.497,7.102
30.5,7.262
21.923,7.455
29.177,7.688
17.673,7.111000000000001
25.713,7.582999999999999
28.043000000000003,7.534
27.243,7.507999999999999
24.77873560220445,7.7208506333968945
25.067,8.549
23.744652483455706,6.658967613370198
17.737000000000002,8.086
19.107,7.582000000000001
15.763,7.745
20.057,7.856
30.837,7.629
11.257,7.204
21.13,6.478
21.803,6.799
25.758261981377192,6.123614641363612
28.497,6.077999999999999
31.38,5.351
31.527,6.155
33.537,6.057
24.653,5.832999999999999
26.97,5.586
26.70263992690914,7.562682361428146
24.793000000000003,5.23
35.103,4.887
26.733781988118114,6.416125430432337
30.093000000000004,5.043
25.853,5.337000000000001
26.957,4.75
27.1,4.761
27.114013437900535,6.291972781792414
30.463,4.399
28.523000000000003,5.047
23.5217723196003,6.2748039292871125
24.401696189843598,6.370476066364865
28.55633466000187,6.466344367471268
30.182187872594454,4.6589722952113615
38.253,4.29
28.673,4.447
29.843000000000004,3.951
28.17,3.869
30.2924213513329,4.6159496791302
24.137,3.913
30.737,3.868
32.843638194249486,4.172991026571406
34.903,4.115
31.477,3.571
29.17,4.1160000000000005
31.679858618437596,4.0433632710682295
28.435531706871366,4.694300911731796
34.486999999999995,2.944
35.847,3.588
31.81,4.682
39.753,5.148
29.37,5.45
31.05,4.339
27.413,4.282
31.44,4.504
32.19,4.907
24.687,3.995
28.65,5.202000000000001
32.483000000000004,4.69
18.063,5.371
24.747,5.23
32.217,5.337000000000001
32.64,5.392
23.71,4.777
31.58,5.865
32.50408351695535,4.6771262609493585
34.06,6.424
29.451005428663017,5.823462059027642
27.107,6.3870000000000005
28.62636987407838,5.3243683731091975
27.32,6.431
33.147,5.954
32.03,5.855
40.197,4.476
26.077,5.162000000000001
27.84,5.254
21.817,5.907
36.497,5.4910000000000005
29.23,5.319
30.457,5.361000000000001
31.803,5.307
30.187494234810977,5.674275957876344
28.189901093444103,5.75222423245536
26.447,5.907
25.203000000000003,5.738
30.606199863294815,5.2923239614529995
29.953000000000003,6.361000000000001
28.898598933725484,5.390144175878592
29.357,5.32
29.88,5.603
35.177,5.686
35.873000000000005,6.882000000000001
22.807,6.934
22.623,7.035
28.611780425549494,6.1959253279291024
29.985764273243852,5.108755222835342
32.3,6.678999999999999
26.18,5.917000000000001
30.94,6.388
19.013,6.4
24.403,7.05
33.203,6.321000000000001
28.55,5.8420000000000005
26.99,6.678999999999999
28.68373384913469,5.227418069926633
24.505486064015983,5.70203395501529
29.433000000000003,7.522
20.697,6.806
24.697,5.658
34.0,4.605
32.743,3.971
30.487663475065542,5.425688574808389
29.583,4.55
34.793,3.78
30.487663475065542,5.425688574808389
32.833,3.78
33.497,5.082
32.593,4.351
25.587,5.901
31.3,5.405
31.847,3.898
29.457,5.513999999999999
28.847,4.347
33.61,4.508
28.277,5.297000000000001
29.463,5.178
24.44,7.78
17.3,10.193
26.707,11.765999999999998
21.503,8.818
22.317,8.731
23.507,9.399
23.517115651397162,7.728713990587249
23.84,8.55
20.493,8.524
25.873483605729227,8.768088653779289
59.267305964915025,17.046399591898602
47.253,16.1
56.77,20.093
58.22185674850283,16.356644532408346
65.35300000000001,16.5
68.22338429283782,12.849678772483177
77.4211274156443,8.991837920605068
69.26302521753365,13.461301106468257
63.41094026158959,16.338588188641378
65.027,16.183
52.56,16.083
57.3,16.887
78.247,17.243
60.84,15.953
59.153,15.647
64.877,16.64
72.643,17.327
69.087,14.613
76.29,16.737000000000002
71.54178418163586,14.076053683106355
69.06535543958212,14.396573834866926
70.95048579918735,11.01155754417985
77.087,7.244
69.32,7.813
73.517,7.557
68.47,7.343999999999999
48.187,9.729
80.023,9.944
82.5,9.623
37.993,11.143
83.07937187932083,10.290207750740898
100.91,9.539
80.727,10.247
91.51917212575691,8.760381564826313
90.817,9.563
65.667,9.002
63.097,9.466
106.533,9.232
94.443,9.148
59.61,9.156
71.18,9.547
82.693,8.45
82.55559701609963,9.562843248382123
91.833,9.363
81.487,9.921
57.097,9.228
77.90056599798338,8.487331813845724
88.34823211400813,7.298129837956209
85.583,10.773
83.48700000000001,11.89
85.49,10.409
102.913,10.348
89.56700000000001,9.909
74.49,9.292
69.807,9.514
53.667,9.009
97.597,8.764
91.66,8.866
85.93700000000001,8.579
80.7,7.404
71.25,8.187000000000001
63.173,8.44
65.45493593418573,8.604822616282101
71.78180886608514,9.015988867094148
54.827,7.915
93.28,9.182
90.357,7.609
93.90077587771884,7.2914400759897875
92.53154841784941,8.559545330378528
90.303,7.061
94.94,6.533
62.29,7.911
32.876999999999995,7.281000000000001
89.693,7.4
100.74,6.544
79.07,7.112
61.29641065375431,8.164259247977363
63.97912180623664,8.14338571923862
79.39243346658331,7.929662211344739
91.533,6.26
92.56,7.398
90.973,9.199
64.283,6.13
73.47562874194188,11.480118758631285
86.50299999999999,14.115
73.04836023075838,10.54416561266847
69.68000965664785,10.023789424168054
64.82300000000001,10.728
66.687,11.145
68.523,9.914
72.527,9.65
71.733,9.063
71.977,9.23
73.653,9.466
73.827,9.399
73.957,11.557
74.053,10.999
72.17699999999999,10.168
69.82208481194422,11.76897253625916
70.5,17.157
71.937,14.087
79.37,10.983
66.923,11.92
61.627,11.013
67.27082572211476,11.308216584745411
69.96739203548864,11.61725731168186
62.787,11.603
66.107,11.827
67.123,11.997
72.44,10.202
69.657,15.193
69.617,14.503
70.24,13.893
71.227,11.847
77.45245215323803,10.541843321595413
72.707,16.707
74.113,11.197
72.743,13.22
75.487,13.087
79.113,9.313
81.737,8.93
83.823,9.619
80.53968230504304,9.98791952394537
82.84299999999999,10.83
83.603,9.331
85.01700000000001,9.344
81.547,17.233
82.79700000000001,10.263
87.89,9.715
90.48,9.776
86.48809081480326,10.998020236343983
87.353,10.609000000000002
86.43416480727804,10.390221446978805
86.677,14.013
90.21,11.803
91.66888457310888,9.709128977147381
89.777,9.523
89.82700000000001,10.777
91.05682655434103,10.406281782770616
93.073,7.528
95.98,9.09
94.347,9.829
93.783,7.97
92.643,7.512
92.36,7.778
89.31700000000001,6.696000000000001
85.76700000000001,7.172000000000001
93.64,6.902
90.88486218131531,7.688022887241009
87.85,8.31
65.643,7.975
94.173,9.685
91.713,6.602
93.41,8.453
86.39963373872631,10.365241208411854
85.84,7.122999999999999
71.167,7.42
61.573,18.93
64.45706344033985,10.102442468971033
82.677,7.472
64.717,9.05
45.097,8.956
79.493,6.365
84.48926321932176,10.202169488967641
62.673,7.484
91.387,8.74
89.677,7.151
76.90046651003325,8.171342624542312
79.95370231516262,8.75631830883459
83.71700000000001,9.728
78.29,8.919
69.277,8.18
60.24117809972472,9.037178866352313
79.64699999999999,8.344
101.433,9.592
82.98,7.586
81.85898852666872,13.657251831118412
89.56299999999999,15.823
84.04,12.107
85.68299999999999,12.8
83.5153901519985,13.910559928833411
89.74700000000001,11.041
82.56,11.623
92.86,10.291
91.94,11.712
87.98299999999999,11.62
90.707,10.537
86.68046884968517,14.02967252408536
86.12604526009629,13.218117815085877
83.31700000000001,19.88
80.803,16.38
85.88,11.623
85.66586130155156,13.922097959320649
79.533,17.697
81.49,16.503
73.793,17.96
81.867,11.297
83.01930113251302,13.63232003221049
88.32,9.606
88.23,11.823
84.913,15.317
84.27,14.81
81.383,17.257
78.77,18.797
82.26,14.457
79.637,19.78
78.86,17.717
73.327,28.43
71.167,18.123
72.373,17.597
78.36,17.397000000000002
68.329034832191,18.7396708989747
71.077,16.097
67.757,13.073
68.247,12.35
67.873,15.743
59.073,20.133
58.92,19.79
60.2,20.357
63.15,17.807000000000002
60.177,20.247
63.657,16.57
60.133,18.59
62.027,16.34
60.063,18.367
61.382490235154705,17.52650143738288
61.053,15.437
62.61,13.363
59.5,14.3
58.51073444232541,17.806547871937084
55.96176887359631,17.81828989620767
46.2,17.6
51.503,21.46
60.883,18.12
54.327,15.747
59.263000000000005,14.98
58.597,14.493
56.277,15.853
51.92791497364838,16.323761056526013
46.617,23.28
48.09,18.38
50.69,16.49
51.25,14.763
54.227,13.65
53.567,14.57
50.173,19.487
51.14419113885911,18.06991368616654
45.92,20.117
50.023,19.027
48.51719334020805,19.55091223642721
45.477,20.383
47.54756614238201,18.7993749367652
42.643,23.577
44.933,13.413
42.44,13.027
47.553,14.71
27.843000000000004,15.167
39.081773468441625,13.001964708214285
29.597,11.957
33.89,12.277
36.65630978083243,12.37230316399379
17.69,12.0
41.32,12.067
31.81,12.003
35.46340505238185,12.821871208009412
43.72,12.58
30.22,12.083
37.68,12.363
37.177,12.343
47.257,11.487
48.343,12.007
59.287,14.9
47.597,16.577
40.127,20.083
32.38,33.537
25.123,44.453
28.26,34.767
27.057,26.113000000000003
31.16113630902301,32.559572989073644
36.15,17.777
36.183,21.363000000000003
39.13,22.577
36.58689279953352,17.671603789579713
32.833,21.067
28.807,20.513
22.443,22.26
23.437,20.423
19.007,21.433000000000003
28.105023552483576,21.155964051867734
34.49,21.917
29.697,20.473
20.993,18.107
43.143,16.942999999999998
45.72,15.16
23.227,15.527
18.863,17.533
26.896782636743215,18.44861158870174
22.189443410364877,19.38253554008841
27.975837673099335,18.207758355527073
28.757,17.897000000000002
31.91353357422786,18.217975276247994
32.78189040351354,17.68418088941416
27.303,17.417
25.178616137608195,18.143912161255884
27.83,16.903
32.15,16.687
39.75,18.393
25.75,18.027
38.677,18.137
26.645264611515074,18.09475578621808
28.86,18.72
26.77,19.653
29.33,18.077
26.390560421813746,18.185130062453403
19.653,18.907
20.643,18.933
19.897,19.423
19.62,19.297
18.55,18.793
24.533,19.937
24.47,20.903
20.037,21.157
17.773,20.527
31.477,22.017
21.516,19.167
31.371317510324758,17.249660208847274
16.500717834086977,28.011486219147432
18.167,37.96
12.404447466561763,36.75598580443844
13.547855212679497,45.771131384806445
14.220642643934758,43.043096242419715
18.467,63.157
13.33,48.353
10.818,42.843
10.497,43.107
11.015,45.03
14.943,41.263000000000005
13.627698872188331,42.452375475254286
9.415,40.373000000000005
17.577,28.063
16.993,27.787
14.996984651683094,21.748521913708196
13.568,35.963
9.509,41.833
17.223,37.973
12.222,37.73
8.92,40.233
11.701,34.66
16.753,34.21
13.47,38.75
15.303,39.153
14.49,35.573
13.287037970654572,36.13879982594939
9.503,40.77
11.173,38.307
13.577,33.597
16.34,33.57
12.412,24.183000000000003
28.703000000000003,27.573
4.263,32.37
9.481,31.667
26.06,37.203
30.963,37.753
7.093999999999999,42.65
11.597,48.163
17.215622769562614,29.59999617219822
30.603,40.4
15.2,36.813
12.502,32.187
11.765999999999998,32.907
17.143,32.18
15.173,27.063
21.503,22.523000000000003
18.563,27.257
13.39871031088178,33.88650148306928
13.81,29.783
19.913,28.93
14.273554771132368,30.910847616659243
15.373,29.253
14.398535846422194,32.08934243812958
12.885015657406075,35.7019247673465
15.393,24.707
13.959117687074029,30.93497733111403
12.113,37.703
15.45,37.17
12.36,36.2
14.405993219859107,31.602027785512508
13.65,29.467
10.98,30.887
10.107,34.103
13.381504205897171,34.90395611888274
12.757,35.22
15.333,35.767
12.073,36.757
14.983378076000237,34.23265363266974
11.74,35.593
14.673,36.977
9.732,35.203
15.557,34.44
14.12,35.86
9.579,33.317
15.407,34.25
14.62,38.947
9.823,41.117
10.577,38.253
12.63376681427832,30.347881771916416
12.473241790753338,28.436336193655624
14.747,30.02
14.233,28.417
13.717,27.873
12.948670807035144,33.977255692061576
11.37,34.14
12.223,29.937
13.663,27.673
12.903,25.22
12.833,29.213
13.243,29.14
11.17,32.653
11.7,34.277
11.68,30.81
12.447,30.78
13.24,28.533
14.527,25.313
14.643,24.347
13.703,26.777
12.963,28.21
12.227,26.763
13.62,24.947
13.877,23.903
13.80460369513219,27.395433303872316
14.07,25.643
14.707,25.343000000000004
16.877550752784636,19.013662259407447
14.467,24.53
14.967,21.047
16.274878033955243,19.833925071990535
17.857,17.247
17.31,19.29
14.939965336218917,19.740587883866265
15.548084001013462,20.676429443008335
16.515,19.7365
17.587,17.383
16.666085693409272,19.658769374119778
16.354343959783275,20.578422917722808
16.515,19.7365
16.033,19.967
16.437,20.22
14.093,22.01
14.497,20.563
15.35,21.633000000000003
16.097,21.94
15.883,21.49
17.187,19.093
18.53,19.343
19.603,15.923
17.893,17.097
16.42,20.023
13.4,20.287
13.977,19.403
13.333,21.13
13.298793961580877,19.455780117649127
13.800994088047762,18.480821876092048
14.62,16.717
14.957,16.137
14.11,18.2
13.707,20.127
13.52,18.753
13.49516753250535,18.680172267116653
14.277,18.033
13.947,19.087
13.073,17.64
13.133,17.72
14.370819444508813,17.98202420410662
12.457,19.18
13.073,17.2
12.937,18.327
13.011274623452037,18.773786295573643
12.187,18.917
12.797,19.013
12.812641370487878,18.840596664392177
11.397,22.923
10.603,24.067
10.667,23.007
10.797,23.883000000000003
10.3725,22.5715
9.22,25.3
9.389,25.5
10.3725,22.5715
11.506220506560975,21.528564876774702
12.123,20.017
12.39,18.547
11.87,20.033
12.603,17.687
11.259814288709926,21.631231474042117
13.913410882430952,18.125967122978402
13.47,20.763
13.95,18.92
14.03,18.51
14.42,19.253
15.83353010896162,16.841228358130504
14.977,17.71
14.973,16.96
16.99,14.19
16.31,18.997
15.583,16.163
15.4,19.273
15.323,17.46
16.615307640414798,15.76154208173546
16.977,13.697
17.703,13.677
19.497,12.963
18.623,12.893
14.598870585962812,17.45082117741674
12.097,23.243
13.13,20.297
14.47,19.2
13.717,20.427
15.71,14.267
19.047,12.947
18.563,12.153
18.64,13.273
16.587,18.517
14.87,22.003
13.433,22.997
18.690655023498326,12.676628276438768
19.131999999999998,11.2875
19.131999999999998,11.2875
20.483,10.8
20.493,13.353
17.907,16.463
18.828579378682484,12.91067543682198
18.914767148844778,12.414678002631383
19.536331499708332,12.491955583382849
21.863000000000003,9.214
21.883000000000003,10.012
19.430066086183928,12.73973067580024
19.377428076939875,12.916006717080784
20.222,12.586500000000001
18.046765901265847,15.7477615414981
19.32691626375251,13.728078543186449
17.373,17.593
18.40129743114122,15.097702064965283
19.115220691362737,14.150285053389359
19.037951926031997,15.443406775656609
17.543,13.427
18.77,12.897
19.61,13.85
17.563358857668504,16.430303804511663
18.023,15.883
17.06164132141601,17.80563918500643
15.35,19.03
15.903,15.673
20.222,12.586500000000001
16.833,16.68
15.67,17.257
16.34,16.887
16.4,16.05
16.0403669331708,17.145727751128145
18.197,14.677
16.277,17.913
15.423,19.707
14.48,19.963
13.9,22.08
14.223037066650184,20.955799514169325
13.713,18.68
13.243,23.123
11.405,21.563
14.543,22.807
15.9,17.937
17.79,17.473
16.907,18.73
16.377,19.64
14.61,19.913
15.183,23.353
14.497,24.26
16.63,16.957
16.63,16.957
18.767905015865736,17.953706603644473
20.644563056132057,16.743671836858255
13.927,18.663
20.346579012680138,15.309255286846977
21.269418671329387,15.425807831951472
18.46,14.123
21.1,18.303
25.171150688607458,15.497344626074154
21.703000000000003,17.367
19.35,12.533
12.195,11.597
28.557,12.383
23.650849488050387,15.60040373866568
27.72,13.197
25.67,13.387
24.613585176080445,16.83648489566451
25.654569870585934,14.107349565696007
27.06,13.763
26.45,14.13
7.79,14.637
29.407,15.247
16.074,16.05
33.647,15.913
23.9,17.9
25.74,18.463
30.167,19.053
19.657,17.35
26.665963147475626,20.320783790390532
35.433,18.47
15.723,18.597
26.433000000000003,19.373
9.646,18.483
11.7,22.763
33.917,27.54
29.0,24.1715
29.0,24.1715
21.74,22.733
23.543000000000003,21.983
22.48,21.97
19.02,20.127
21.982430836706083,17.367182734583384
26.73,18.9
32.217,17.847
28.84,16.767
26.627,16.163
16.167,14.147
25.96,16.53
24.76,14.557
30.69,15.297
29.417,17.657
17.37,16.17
16.854,15.16
21.58380952489178,13.776350837842012
30.55,14.08
17.857,11.803
30.16,11.51
13.799,11.25
24.397,9.887
17.81,9.65
21.35,9.615
28.517,9.424
20.54,11.173
26.76403304309602,15.308860725255796
28.027,10.463
25.03045311135158,13.376608857418663
29.0285,8.1245
32.67,9.668
27.583,13.342
26.273000000000003,9.607
26.52,9.264
31.86,8.228
36.22007083033533,7.237211716082341
26.327,12.65
42.487,9.744
17.664,9.202
34.637,9.058
36.367,8.11
31.833,9.269
30.833,7.267
42.88,6.961
30.25242875348077,7.547469890743045
29.470867016059504,9.217961296678915
36.013000000000005,6.4510000000000005
32.355012297214316,7.2616644721856956
43.707,5.331
30.777,5.644
31.287,6.117999999999999
27.05444900939759,8.687520627072354
34.88078941010372,8.01909706990839
36.213,5.845
29.0285,8.1245
43.207,6.199
40.017,6.835
34.266182468347154,7.686365450684895
34.577,6.744
38.573,5.483
40.36,5.274
38.425023131521755,6.098723434243617
36.492597293625735,6.119254105962889
32.06,5.2620000000000005
39.77,6.55
48.437,6.318
38.083,6.235
48.357,5.318
42.51,5.436
43.957,5.1
34.51,6.185
44.277,5.555
35.38,7.269
42.00666013528034,5.912304282708353
54.07989689780639,6.260176276734832
50.913,5.83
61.29,4.522
38.533,5.185
44.423,5.919
46.233,6.992000000000001
51.81422198993267,8.32628052691907
56.84,10.739
44.723,19.6
54.923,6.2170000000000005
50.44,5.976
45.197,5.657
36.42,7.184
50.517,5.977
53.4923730340689,6.894215443546493
51.96425302084295,5.779516519665844
59.703,6.272
55.147,5.803
52.243,9.89
51.59463415708249,5.65563378071413
53.212085923722725,6.710333767909416
44.937,6.299
54.687,7.102
50.157,6.555
58.297,6.872000000000001
49.793,12.116
35.45,7.318
70.81,5.363
51.337,7.443
54.137,6.649
60.323,10.54
52.78496681772982,6.758562752461287
55.21,7.181
66.017,6.557
76.263,5.837000000000001
42.187,7.982
80.773,8.756
53.838499999999996,7.541499999999999
78.087,7.237999999999999
60.82448795812738,7.314107190336281
65.723,4.982
61.235129768615984,6.301091918780274
53.267,8.06
62.747,6.294
67.487,4.807
64.013,5.027
60.927,5.211
52.513000000000005,5.412999999999999
58.71,5.864
63.533,6.481
57.74,5.638
53.838499999999996,7.541499999999999
53.993,6.617999999999999
59.535277032698005,6.757082979041751
60.19987945333446,6.232405409292789
61.137,8.574
62.453,6.612
62.06688863181501,6.006388806557151
100.647,4.368
69.253,4.324
65.347,4.4430000000000005
70.0,4.815
62.933,13.737
41.133,8.521
52.88,5.215
56.07657672605516,5.868285239844381
62.91643650263691,8.788616908373855
54.043,4.572
54.08,4.7010000000000005
54.46035920811735,6.764933400767606
70.59237256297679,4.754268658195204
51.97,6.502999999999999
56.16,5.742000000000001
52.69,7.45
53.35860869776473,7.167286372540977
59.973,4.512
52.963,6.316
56.87,9.31
51.410839688980744,13.153053844851675
39.027,21.063
54.91,8.963
55.283,11.498
53.25421122470073,8.690849236585724
54.143,8.065
48.533,6.686
54.023,6.899
49.97746617819581,12.94872318481656
59.46583600681394,16.11721722559213
51.4036571110229,13.820442451218028
65.543,7.657999999999999
47.39,15.254
36.737,16.375
60.533,6.727
66.367,7.376
54.317,5.707000000000001
67.033,4.888
49.78057551306985,7.706621803922591
55.961355660697684,8.016928207761069
54.61598930087371,7.248286897225182
58.217,6.282
51.193000000000005,6.852
55.937645091036195,9.098458697488255
51.98,9.818
55.727,9.754
53.953,10.37
58.313,4.922
57.317,10.944
55.723102642845944,9.069371794529085
54.207,9.68
56.097,9.029
58.07,7.741
56.137,10.035
54.857,8.997
54.527,18.71
56.3,11.353
53.643,16.32
54.423159577986326,13.048262887368226
50.293,18.093
51.223,16.207
54.76230818915176,12.164335547232747
51.663,13.053
54.82036607149429,12.091471930346032
51.08,12.517
53.93386884548046,13.36604153934836
63.577,8.987
31.483,16.663
35.85,30.35
48.227,13.693
64.863,22.19
50.32,18.107
27.077,15.16
65.38,13.637
51.847,8.472000000000001
50.307,5.004
64.41,5.655
67.74,4.668
68.78699999999999,5.405
48.827,4.96
42.363,5.523
51.85433604046628,7.9496938397464945
72.467,6.069
59.607,6.529
63.45,4.683
57.86169276255904,8.5338896600167
28.2,6.55
61.62599544520445,6.238495074076243
71.507,4.428
71.953,5.371
61.04729921394979,14.755605021500843
68.31,5.071000000000001
60.467,9.097
68.11,6.875
67.473,7.474
62.96236821107062,13.885676176974886
63.607,8.166
60.953,9.355
70.88,6.397
52.343,6.816
72.53699999999999,8.081
68.833,6.412999999999999
64.7,7.951
63.015454779977965,12.800486606533402
58.39,28.347
64.167,9.618
58.793,18.387
53.92,13.883
54.923,12.13
54.913,8.499
59.64943857574949,16.910670664891555
58.767,14.347
58.043,15.71
60.73,14.48
62.86,9.745
62.213,6.666
63.827,6.193
65.95510817096886,6.435777635479824
61.673,8.915
61.40928787504126,8.757687098901375
57.97,10.16
57.23,12.143
59.07,11.432
60.12,8.006
57.507,10.79
53.063,9.605
53.91,16.82
51.44,12.48
55.163,8.499
55.053,9.835
40.883,13.307
54.133,8.673
51.523,12.28
62.247,9.182
59.14,9.079
57.097,6.377000000000001
56.2,7.404
63.033,6.367999999999999
62.527,8.967
59.693000000000005,9.921
59.783,8.834
54.717,13.303
56.823,14.927
57.833,17.18
52.71864430506378,9.909132133985691
58.645075067295544,13.076108728532041
46.02065204585385,14.605160619425632
34.03,24.44
42.047,19.07
59.567,16.803
47.42307580360787,14.86369955472873
48.003,15.113
50.74,15.603
49.0,13.643
52.073,11.29
51.87,13.267
48.4847114936252,14.248452848418317
46.613,9.674
48.226367981608405,11.996000019881423
49.387,11.873
46.317,11.877
51.48503196790482,11.674422299400973
43.783,10.72
47.636294941084365,10.844867882700123
52.65645628153195,12.188494393643525
48.77146578381,10.538815698781917
45.95,9.158
53.44366654162903,10.379957662897025
55.18,12.937
54.293,6.95
51.442041048561194,9.040305059595969
53.6,8.169
49.961168942929376,8.972907245586367
56.323,7.492000000000001
44.677,8.75
49.153,7.55
41.76,9.522
46.89,8.685
59.08,9.175
41.257,18.29
36.037,11.547
45.9,11.09
37.26,12.777
36.257,15.783
30.627920180045454,11.9190084231481
28.793000000000003,15.53
29.523000000000003,16.303
32.873000000000005,15.93
25.903,16.44
31.532613306242478,11.948268856859785
33.44,16.26
27.09,14.573
33.406738214182106,10.966619946784059
32.70703868539113,13.09272961986474
38.717,11.173
33.44,16.26
38.717,11.173
32.92775755694253,12.620013960492269
30.34819347747765,10.664596584953598
36.02,10.107
33.137,7.952000000000001
32.907,8.016
34.07,7.694
24.59,7.262
29.933756912809837,11.195112633088986
29.227,7.376
32.303000000000004,7.246
29.23486088307349,10.500465861432113
30.7,8.793
29.003,9.424
29.807,9.227
29.87,10.376
30.6,9.925
27.893,9.716
29.923,8.869
30.04,8.129
28.903,9.135
29.03,8.401
27.717,8.154
27.24,8.504
28.903,9.135
30.033,8.697000000000001
27.01,9.169
31.22,9.222
21.853,7.671
24.202852329010927,31.691640207455457
40.017,7.864
32.394999999999996,9.643
30.767,9.576
32.394999999999996,9.643
31.127,12.587
27.583,12.217
26.93,12.74
28.267,14.047
26.99208018328321,10.66827903005826
24.98,11.367
26.423,11.497
30.5,10.34
26.217,10.678
26.85,11.11
24.837,12.153
24.213,11.66
27.093000000000004,12.713
25.41,12.017
26.75,11.723
24.783,11.557
24.163,11.663
18.477,11.91
21.457,11.247
23.45714024296656,10.393026491061491
26.85,11.11
26.877686237255052,10.494572080717097
23.407,9.121
23.253,8.295
26.313,8.988
27.97,8.672
23.21,8.612
25.353,9.009
27.983,8.362
25.96709280382669,10.68918681308655
25.297,7.58
27.25,8.324
2.323,7.838999999999999
30.073,7.814
27.66,7.682
27.007,7.644
28.77192336586435,5.375933562958123
27.737,7.097
26.697,6.877999999999999
30.155935706327888,5.8069538165875985
26.433000000000003,6.601
22.777,6.062
30.69,2.989
28.5345264672799,3.8480768523118285
27.45,3.178
28.397,3.454
28.973000000000003,2.97
32.873000000000005,3.459
26.783,3.593
22.15,3.703
30.11,3.2110000000000003
28.58758541792762,4.85489529082375
28.757,3.114
22.15,3.703
28.43,3.664
30.69,2.989
34.553000000000004,4.617
28.648789061979926,3.779278228663785
30.04,4.0285
30.04,4.0285
31.63,3.634
30.567,3.633
23.013,4.224
29.023000000000003,4.162
21.653,5.308
31.85,5.676
28.651367649046612,6.239346915474515
29.143,5.754
28.42,6.223
28.017,6.442
27.087,6.142
26.58,6.564
28.193807590117874,5.7906131860254675
29.653,7.215
25.937,6.568
28.637,7.12
28.67,5.049
29.89,5.312
29.763,5.646
28.077,5.006
30.3,4.415
28.247,4.488
31.28,4.41
28.493000000000002,4.6385000000000005
28.493000000000002,4.6385000000000005
33.2,3.439
28.493000000000002,4.6385000000000005
32.167,3.509
33.2,3.439
32.72,4.184
34.147,4.624
31.257,3.5580000000000003
32.087,3.39
30.677,3.109
34.407,3.904
32.08,4.096
30.294716077230962,5.930139931284127
29.537,4.772
32.297,5.549
31.557,5.609
31.367,6.821000000000001
29.787,6.6160000000000005
29.557,7.337999999999999
28.027,9.734
18.462992651322804,8.81639742312706
12.274,8.257
13.907,8.857000000000001
19.832114728167145,9.061966087720773
31.553,9.407
5.769,9.743
26.133000000000003,9.347
12.748,8.833
7.476,8.647
22.393,8.324
23.22224953058517,8.420681171415051
22.621,8.047
23.27499730897332,8.53177325230509
5.799,9.933
11.726,9.112
35.763000000000005,8.907
22.17509031587467,9.197011056501912
25.727,10.122
24.601575050111204,9.578607672066598
21.277,12.473
19.90084628597018,9.226226634299238
19.533907669140632,10.004844415673961
10.295,9.671
19.549001548252555,10.31447834440337
17.85,9.552
25.397,10.008
44.7,10.36
23.847,8.383
21.66328420476264,8.637647363693285
20.303,5.6770000000000005
10.302,7.452999999999999
32.42,6.835
24.511,6.15
17.570912167264062,7.570596450086742
23.649990197610403,9.07567865620637
29.337,7.204
24.52,8.414
33.43,10.273
29.43,9.962
10.739,9.63
18.791,9.751
22.308658414289233,8.599035329432258
19.316045098784016,7.499766903515146
29.188016393142224,8.947135062707886
31.377,5.215
24.528773489039175,9.633346256648991
24.690060641341514,9.3939556643889
28.653,6.2010000000000005
7.93,16.607
32.503,11.066
22.946802245748483,9.005878316746502
37.137,9.22
12.324000000000002,9.679
28.52,5.809
33.18631778925794,10.654847486152718
30.477,7.992999999999999
31.891970450461415,9.526596265860272
36.647,11.047
31.603,9.281
36.857,12.94
36.58654467682572,12.81134475004839
36.16882873723307,10.38526435498907
35.383,13.127
36.503,7.705
36.047,7.343
35.849136614374004,8.430905402060153
34.06629092511631,9.608313107101798
37.47145826236188,9.40626516095174
46.327,9.453
39.85,13.223
41.193000000000005,8.785
37.04,9.485
33.293,12.893
42.163,15.597
31.11,10.453
42.66,5.902
45.536792437020594,14.248909485580475
39.607,10.321
40.44,7.379
35.857,6.917999999999999
37.933,8.956
39.497,9.346
35.847,11.083
34.87,8.603
38.35937035480938,8.213341212437802
38.337,7.318
31.667898094258664,3.6990624768301203
21.2,13.8
38.92,11.713
28.097,6.685
40.213,15.86
38.343,31.158
41.847,8.762
36.723,13.955
41.753,9.888
38.79,10.594
42.71,5.174
34.63,8.187000000000001
26.647,5.581
36.243,6.063
33.863,7.334
37.337,6.35
39.363,7.034
35.63801575679495,11.670736040842659
35.55,8.027999999999999
30.54,20.37
32.183,11.29
34.85136394514865,9.880378702740552
35.013000000000005,10.664
34.63,10.025
34.16943297703976,10.942719527040964
36.773,12.437
31.877,11.283
33.153,6.522
32.597,5.671
34.02552189765513,8.163663987346583
33.177,8.934
35.803000000000004,8.857999999999999
38.013000000000005,9.013
36.703,8.079
37.817,6.941
36.485567857063145,5.5793166990884995
36.583,7.428999999999999
35.393,7.159
37.123000000000005,7.29
34.523,8.15
34.25,6.34
32.86690668205836,5.01384108945065
31.073,3.378
32.227,6.312
31.003,2.992
32.297,3.05
31.7,2.919
30.833,2.797
36.433,1.944
34.813,4.248
35.017,2.584
36.833,2.292
34.837,4.788
33.99,5.876
34.337,4.257
35.82457918551082,3.414741242491209
35.61192375482784,3.073065105613345
35.687,2.7060000000000004
36.12,1.298
37.24,1.766
36.62,3.572
36.573,3.342
36.5738200099381,3.9440848547976852
37.617,2.761
35.063,2.669
39.683,1.628
38.011993408662576,3.8390765638047983
38.27,3.916
39.637,3.422
38.077,6.419
34.81,5.187
35.213,2.15
34.5191041494575,5.821604275641211
34.22052752057012,4.8960101718387765
32.77794639499917,7.073297031789983
33.626999999999995,8.004
31.723000000000003,3.409
30.963,5.042
33.64,3.426
33.323,8.118
29.76,11.734000000000002
28.987,8.242
32.867,4.3580000000000005
32.31,10.005
28.327,13.433
28.613000000000003,6.006
32.736999999999995,8.99
32.333,5.237
37.507,1.35
39.397,2.519
35.123000000000005,3.942
35.642686732704945,8.476174115192263
33.017,10.609000000000002
33.4,3.19
36.17664469414824,5.6085674969970984
35.53,5.67
36.84155329740764,6.847777258649425
34.413000000000004,7.622999999999999
39.56910227784992,7.421671658020958
40.253,4.268
39.26,12.571
33.763000000000005,9.044
29.147,7.651
24.218000000000004,8.516
26.403,4.721
49.95,3.839
41.567,6.569
36.85193634570594,7.772138034845093
32.397,5.729
37.483,10.411
35.67859911323267,6.540711649312951
36.87398319144104,6.369990282248168
37.1199504372955,8.039444058594007
37.813766942061676,7.024648447978126
37.95,5.767
36.16,5.852
36.77072849888375,7.849226216095059
33.73838273241226,9.979908779898606
32.587,10.406
26.243,27.273000000000003
29.24,15.361
34.817,10.376
33.05234338242353,11.175513503256845
36.823,10.124
36.563,11.163
32.053000000000004,9.974
32.397,9.452
33.76471349155994,12.581793283674722
38.523,6.5
37.123892597984586,6.984797505237522
35.617,9.0
37.89779990507805,6.866057075475904
36.173,6.627000000000001
36.037,8.699
37.777,5.347
37.99,7.272
39.927,4.198
38.34,3.894
37.743,5.511
36.39,8.376
31.44,8.312999999999999
43.793,10.411
33.72,6.834
40.76,4.884
39.087,5.392
39.54,9.494
22.263,10.497
45.28,3.059
36.003,7.654
36.327,7.756
33.91,12.593
36.96250262573159,6.573453624983944
36.75367136339564,4.814660556319307
29.12,6.3020000000000005
39.75,7.327000000000001
26.297,6.747000000000001
30.591227226596473,8.599144059476448
36.893,5.352
34.69,4.132
36.24,4.415
36.12,4.207
34.4379926077291,5.6333303049267895
36.437,4.493
36.773,4.448
33.257,7.298999999999999
32.72,6.292000000000001
32.23,4.529
33.14858872246688,9.648762854221985
27.003,16.287
27.847,9.65
26.023000000000003,10.886
28.37294930371496,10.311250476652322
28.633000000000003,13.923
23.693,13.887
28.92,12.033
31.213,8.42
37.133,5.313
30.023000000000003,7.758999999999999
27.773000000000003,7.287000000000001
27.9652056541453,9.727515354842524
28.770032756789224,9.3532884455453
19.497,7.619
27.367,10.359000000000002
29.35,13.82
24.58,12.623
29.183000000000003,10.947
25.847,8.424
32.767,10.379
37.46,9.136
28.37,9.056
30.42039841257371,11.61534615744509
31.687,13.16
30.281101606618495,11.442309341522428
18.24219630215605,18.942267382277848
18.937,20.35
13.19,20.68
16.723,21.49
13.007,23.753
15.24,21.93
16.59,20.313
14.933,20.97
13.573,27.333
10.331,30.47
12.213,26.23
13.34465800876991,24.27125199368167
14.113,23.197
12.957817213774995,25.900889579325327
13.753,29.59
11.543,26.783
15.363,23.373
13.523,21.087
14.497,20.993
14.39,18.117
13.52,16.267
22.893,23.703000000000003
15.687,27.483
15.209979987382573,18.31923314477265
16.52,20.667
15.137560273751843,21.082278338920602
13.09,20.28
15.043,20.807
8.151,28.79
14.433,22.367
14.907,19.003
16.947,18.36
17.507,17.38
14.48,16.23
12.791,15.51
17.07,16.7
19.293,17.067
15.900025565101846,18.73416346275527
14.627,16.807000000000002
21.627,16.26
14.2889023429041,18.868509056393645
11.777,19.63
16.377,20.57
14.65,20.513
16.927,15.48
15.48825653345081,18.451323499747083
14.643,12.977
12.838,11.117
18.187,11.197
21.307,10.667
16.6,10.283
11.049,9.625
19.923,8.757
17.02011633366045,8.172466597533042
19.447,8.789
20.363,8.288
19.823,8.899
17.493815767315947,8.452988043330379
20.847,8.08
13.353,7.879
23.473000000000003,7.771
20.847,8.08
18.34,8.055
20.44,8.36
21.637,8.597000000000001
19.08,7.805
17.012999999999998,8.252
9.45,7.947
8.35,8.484
13.03,8.385
14.793,8.016
14.983,7.901
17.357,7.381
17.783,8.044
19.533,26.36
12.09,39.127
9.542,36.39
9.938,34.113
9.104,31.963
9.314304875555674,24.72155125418031
9.653365295401397,31.847444722109707
8.744,27.333
9.622067912637151,28.765232837777724
9.821,25.81
9.267,23.787
10.647,18.89
9.612885456363363,26.451370243182485
9.019,24.54
8.818999999999999,26.837
9.137576516096898,21.8704262390054
8.735,22.64
10.431,23.677
9.839,20.213
8.587,18.797
10.344,16.897000000000002
11.056,17.663
14.795946317400123,13.267581942844016
13.849336737538458,14.739065597688302
13.947,19.04
13.5,17.923
14.477,12.127
16.663,9.912
17.28,11.49
17.023,10.703
19.403,10.488
16.82,11.347
16.887,12.123
21.047,11.07
18.52244036441554,11.227143134294176
17.803,9.777
21.05,11.467
18.743,10.543
17.453,13.343
19.077,10.105
18.71,9.659
17.35593061655652,13.504463129164902
19.7,9.537
16.207,14.427
13.213,18.82
15.18,15.02
16.1093138136948,16.361843932369165
16.117,16.673
16.617416375568112,16.159839850970652
16.613,12.67
15.23,21.267
9.539,22.403
11.951,16.86
14.614636269554694,17.653519617006804
14.45,16.707
11.188,18.687
16.183,15.89
16.62,16.423
14.153,23.21
12.793,24.037
13.847,20.173
14.63,19.057
16.437,16.707
14.660799493854778,18.929847240322317
20.163,13.743
17.403,14.933
14.29,19.807
14.057,21.143
18.557,20.44
16.466947756621966,18.92313543311139
15.578900624324046,19.302043018633086
18.017,15.343
16.173357679666747,18.475859853740673
18.353,15.72
17.72,16.26
11.207,16.343
16.24,17.14
12.167,18.383
15.937,19.363
13.327,22.743
12.577,24.32
13.247521933428828,21.031607389317887
7.617999999999999,21.943
12.123729590450685,25.873696226449976
13.016915128299603,20.266389122959588
9.902,29.873
14.650256758487199,17.753293657010776
11.377,29.773000000000003
7.461,29.217
9.066,28.397
5.294,24.91
10.644111412695528,20.84562841993378
11.213528949025376,20.402643893425765
12.335,18.753
15.898960999755129,18.642698918571423
11.905,17.28
17.207,20.52
7.386,34.747
6.831,21.617
16.39976867396154,19.111944245408186
14.243,18.78
9.416,34.113
9.7335,26.494999999999997
8.229,32.056999999999995
11.064626318913886,22.1037101486926
9.7335,26.494999999999997
14.48,14.77
9.243548029279582,29.924191081516998
12.907,21.197
13.070210326038357,20.48562763550219
14.803,18.453
13.927,17.49
13.134668234469586,17.71350848388695
14.897,15.383
13.335340143178373,17.321414436494656
14.02,14.94
13.997,17.58
13.633,18.313
11.72,20.703000000000003
11.2,20.757
14.511449767785763,13.751859025247018
13.22,20.45
16.367,11.727
17.927,10.91
16.102999999999998,10.414
15.969146147346468,11.805284736926247
14.95,14.717
15.462521127244832,12.861066991719715
15.825329245373984,12.07965020928616
12.443,13.453
18.337,12.0
12.69,12.38
14.22,12.577
16.62,11.32
16.16126244567346,11.883360474605938
17.027,10.813
18.75,10.113
15.987,12.59
17.607,9.987
16.56717061428601,9.902472250620699
19.123,10.112
14.333,9.275
16.427,11.71
16.223,9.14
19.277,6.421
16.867,6.893
20.903,7.915
12.463,7.581
18.78,7.871
14.307,13.213
18.577,13.563
14.25,11.52
15.398527562040938,11.726792878971388
18.083,7.888999999999999
17.343,12.897
17.440004954048504,8.673231206155817
16.639267440306696,7.856976113312119
14.918559766609249,10.96925102962453
19.25,6.742000000000001
17.137,6.374
18.01,7.608
16.89,6.954
15.283022190696524,8.180521634239687
15.84818884545699,8.093125153072904
17.237000000000002,6.877999999999999
14.657,6.564
13.237,8.551
16.762999999999998,7.704
15.177,12.34
13.733,10.355
16.653,10.467
11.242,9.76
15.873,8.029
14.737,7.777
13.95,7.711
15.873,6.811
18.587,7.584
18.633,8.302
15.925291923720886,7.9242322275478845
17.74663773866208,7.63954972964997
20.087,5.544
16.7875021536215,7.409492672798135
17.10762260881308,7.639954556433014
18.22,8.382
17.347,8.205
17.11,10.206
12.97,11.8
10.56,6.638
20.863000000000003,6.945
17.14,9.892
17.097,9.271
17.748328629871825,8.018564913587468
16.39,12.147
18.157,9.654
16.883,8.541
16.55,4.85
20.39,5.737
18.609971667544503,7.219357645192292
19.19,7.627000000000001
17.76,7.487
20.053,8.843
19.044015566203196,7.060501778008967
18.06,7.336
22.067,6.087000000000001
20.8,7.579
19.933,7.982
17.48,9.333
17.657,10.016
18.32,7.051
18.273,5.8
19.65526125712137,7.534801441422893
21.703000000000003,3.507
23.397,6.492000000000001
21.107,3.1710000000000003
21.37,5.615
22.4,3.747
22.163,5.737
19.107,3.665
23.103,5.404
21.517,6.876
21.74,6.223
21.973000000000003,4.955
22.35,5.244
21.923,3.167
24.497,2.7880000000000003
22.757,2.738
22.953000000000003,2.599
22.947,2.758
22.883000000000003,2.408
25.177,3.286
24.003,5.34
22.057,6.295
23.476065680004538,3.6971060128580158
23.507,4.711
22.622452374188686,4.312316852683541
23.975605282302908,3.8837793040922026
23.870133376437504,4.424473919310875
25.88,3.258
25.51,4.597
24.2,5.805
24.08,4.407
24.517,2.458
21.02,3.903
27.263,2.028
26.813,2.262
25.01,2.489
25.99,4.748
25.56,4.289
25.534586933653113,2.8769438037690898
26.743,3.225
23.36,4.948
26.19378869971659,3.989700172727579
24.807,5.131
26.45399947545205,4.242178996030697
27.273000000000003,3.862
26.24,3.199
26.393,3.399
26.787195835580068,3.950882990945575
25.43,4.251
28.077,5.2170000000000005
28.27,4.652
28.07,2.862
28.193,4.271
25.707,9.001
27.143,8.741
26.363000000000003,5.332000000000001
27.7,3.749
28.453000000000003,2.855
28.424670980641984,4.39856555508554
28.194558794978015,4.716298771327048
29.7935823215182,4.8634245348986616
29.357,5.277
29.557,2.704
28.96,5.153
28.437,7.155
27.453000000000003,6.343
29.937,6.38
27.443,5.096
29.823,2.853
34.733000000000004,5.457999999999999
29.8,4.314
29.143,2.852
28.447,4.541
35.05,5.456
32.126999999999995,3.293
28.83095200478989,5.826885986771143
25.277,6.888999999999999
27.25,2.805
29.582550833052863,5.125087860985628
26.013,5.964
24.52,5.405
29.467,2.37
31.23,5.105
27.71,5.023
27.619554936195694,5.407866256865213
29.717,7.35
30.104342328360737,5.990456379002995
33.067,7.037000000000001
30.291913265684208,5.6472321773960354
23.563,4.946000000000001
31.97,5.242999999999999
31.140825987239186,5.395316136223213
32.42740278191737,5.445796658354753
31.297,4.339
34.563,7.652
33.75,6.505
29.75,5.294
31.109686229852322,6.0881781699119495
30.677,7.999
33.337,4.834
32.09372856963954,5.8881618845461405
32.82,4.257
31.84,7.352
32.89402227950519,4.793281317630287
33.997,4.194
32.183,2.073
34.087,4.401
29.163,6.814
32.06872021023549,5.9414969337454115
36.677,2.656
33.46,3.811
36.027,4.17
32.777,5.604
33.107,4.698
35.03,7.049
31.99,2.0380000000000003
44.57,20.933000000000003
33.157,16.377
50.98,9.056
42.08,5.999
42.297,9.967
43.08752960915518,7.8206787976771475
49.08,7.207000000000001
39.207,9.029
37.703,6.492999999999999
43.2295091060051,7.881538117624985
43.9775756247433,7.683667798582568
39.083,4.502
43.48766513372923,6.106145670137108
43.603,3.595
44.707,6.178
41.097,4.096
39.62450294738959,8.430411120798246
39.777,3.643
43.0,3.533
38.143,9.926
37.403,3.457
34.79,3.967
40.7289016611048,5.066097685233359
24.797,1.621
25.13,1.405
23.383000000000003,11.887
20.463,7.937
21.267,4.34
24.243767194965482,2.5071273638488005
25.697,1.208
23.862420051116047,2.75795561101632
23.944789483315656,2.2197229941351133
26.07,3.039
24.2,0.163
24.607,2.336
25.09,2.39
27.453000000000003,0.935
23.833,1.556
25.88,1.457
24.623,4.999
22.38,7.798999999999999
25.317,2.16
28.18,1.68
24.967,4.351
26.54,2.724
26.053,1.764
26.69,0.895
27.8,0.135
28.6,1.161
27.05,3.2960000000000003
26.358671438445256,3.6137825504738466
26.08976405862769,3.9288402452454365
26.422704210132853,3.929522544255938
26.88,0.728
24.91,8.054
25.853176763440786,4.9443219911156335
24.573,6.932
25.34,3.693
26.132558867205542,4.773169900871661
24.5,4.374
27.133000000000003,6.93
26.877,3.008
29.197,2.326
24.737,2.464
29.873,3.491
25.637,3.56
28.347,2.712
25.743,2.014
31.277,4.496
29.003,6.624
31.763,7.45
29.54,4.375
31.413,4.578
31.82,4.017
28.797,1.263
30.047,4.965
29.513,5.504
28.52,3.713
29.407,3.107
36.113,5.053999999999999
34.903,3.75
36.903,2.1830000000000003
38.297,1.641
33.79930321710843,6.288970140321215
32.62,3.583
35.663000000000004,10.759
34.09,5.649
34.15,8.45
33.947,5.384
27.757,4.504
26.177,9.74
34.403,6.754
49.037,1.949
39.983,3.52
37.06,2.523
33.22,7.77
36.053,4.453
35.423,7.61
41.377,5.928
29.387,8.637
34.98,6.061
25.717,5.462000000000001
42.007,3.3960000000000004
38.703,6.843
29.257,5.357
24.83,6.601
41.613,3.374
33.507,4.315
34.957,5.044
33.0,3.33
36.67150622314994,7.971159039724113
40.09,14.489
35.4,9.354
31.79479884486262,7.840366564560673
29.783,5.091
35.70461494799243,5.043345234434371
34.55770370299821,3.69312184329664
29.03,4.781000000000001
35.917,3.696
29.037,2.814
42.18,9.577
36.503,5.523
34.66061492957764,4.551443583797307
34.68,3.737
36.263000000000005,5.699
35.58250162383616,5.741150537647705
36.47,4.377
35.413000000000004,8.705
29.767,6.546
39.59,3.124
35.26,5.331
33.11,13.11
27.237,6.522
41.46,9.31
28.56,9.755
40.22,1.234
34.10434065298416,5.029176318238306
39.68,5.827999999999999
38.81,3.05
37.98,4.374
39.477,2.215
40.127,2.442
39.72,3.491
33.806999999999995,9.458
32.047,7.059
35.14,12.682
26.623,18.537
33.879867527030164,9.269710677580473
29.757,14.857
32.15334478354462,12.487900213430702
33.38,7.369
37.653,3.61
32.103,8.808
37.25,3.469
28.423,8.335
36.21,8.052
34.937,6.153
33.97444625821231,9.22437559989069
34.657,12.627
30.46,6.138999999999999
37.087,10.101
33.867,11.237
33.33779641652132,9.279802567572382
37.57,6.509
32.047,3.377
32.087,10.633
35.6,4.798
39.727,5.228
28.383000000000003,4.744
36.597,4.3180000000000005
36.79,5.415
39.377,2.265
35.667,2.525
36.568302423379606,3.5239969770680557
41.327,3.367
40.457,3.701
37.79,3.431
35.957,3.98
36.497,8.625
30.587,9.818
37.197,7.089
36.152516300681846,4.24917407522897
41.497,3.585
38.31,3.821
38.173,6.011
37.49516415684072,3.6570324584544607
34.533,5.038
38.083,5.194
37.67002313602757,3.5822078441036087
37.72083642173085,3.6092219958953757
38.787,3.531
34.177,3.922
40.383,2.067
39.137,2.931
36.617,4.667
30.413,3.108
35.683,5.516
33.8205838732135,4.279413399191623
35.147,4.678
35.282454927979984,5.8889159396910715
29.39,5.002
33.463,5.4670000000000005
32.62,11.25
35.223,5.249
35.16,4.75
38.467,5.36
34.19,5.236000000000001
34.173,9.881
35.73,5.702000000000001
33.90230337294732,8.666388754043071
38.097,5.964
33.39912958632039,7.716198714821851
34.243,4.477
34.51,6.478
33.297,8.139
34.543,9.492
29.227,10.607
32.623475615831715,8.654034844535307
29.333,7.769
32.357,9.704
30.75,9.364
27.507,9.802
33.927,4.448
35.463,5.952000000000001
32.44,7.605
30.743,6.3260000000000005
29.937,7.972
22.587,8.764
27.590573989612977,8.176563427058635
25.597,7.662000000000001
36.137,8.398
36.15,9.897
31.827,11.969
21.137,11.81
27.430581452483313,8.597613944137104
28.07023473157184,10.872834356082608
28.417,13.747
25.577,12.36
30.037,12.13
35.04,12.333
5.379,11.177
21.66,14.18
22.72,20.877
18.56,16.157
28.147,16.427
20.095996414751248,14.354285488131836
22.75,15.243
27.05,15.19
20.66,12.963
32.353,14.527
26.417,14.4
12.561,12.922
16.347,12.883
12.822057882232881,14.450747449915653
13.823,12.457
20.683000000000003,18.413
24.597,18.293
22.568883765026584,16.902361587054845
12.007,12.06
17.13,16.387
19.737,22.003
4.3260000000000005,16.283
12.337,19.133
21.240749382839883,17.264339793965654
14.647959840946207,18.895757899218037
16.75,16.25
10.792,16.783
18.887,23.02
11.0546264917974,21.430727959285015
7.406000000000001,21.797
17.937,22.08
13.284,19.45
12.925909362447602,21.60101899574549
13.121,25.047
13.05691839919141,21.195199447673595
8.847999999999999,22.493
12.927,19.363
13.258456556814842,24.265291675193627
19.93,28.07
14.687,26.813
14.493,24.7
12.727,24.25
16.262999999999998,25.923
9.042,24.833
12.44,23.033
19.207,23.417
15.85,23.23
13.67244542708552,22.98718581024631
15.237,22.7
8.349,24.663
11.337,22.703000000000003
11.988,23.01
10.037,16.677
11.659,21.647
13.377495816104524,23.41736097974749
13.678474508276901,23.33856055619414
12.46114524255247,23.352227356270607
9.903,25.793000000000003
22.493,20.33
26.867,22.2
17.837,19.97
20.417,19.263
3.933,13.927
18.928,13.027
27.37,13.05
39.69,12.127
18.489,12.8
42.423,12.47
20.46,12.113
25.077,11.833
26.32,11.677
42.76,10.947
27.073,10.384
39.687,9.508
25.047,9.757
15.767,10.51
19.071978290720086,10.318349303746803
21.28074192868998,9.872219527855044
22.79801433776855,10.29640466810576
30.017,10.154
17.85,9.344
16.937,8.937999999999999
19.207,8.823
20.993,8.742
17.12234814755155,10.139314134620836
21.157,9.54
32.33,9.287
16.14325121171368,9.437734225749164
18.737,9.498
0.444,9.734
19.28,10.517
3.102,11.223
15.885,10.283
7.265,11.199000000000002
30.687,12.007
4.049,10.382
2.374,10.039
13.887251474181818,9.332925083050474
12.236,10.314
14.807,10.693
9.9,10.296
10.879357321830335,10.109409218106363
2.651,9.622
25.063,8.959
8.896,9.139
17.423,8.892999999999999
12.875650133210259,8.978003827362954
16.245,8.933
0.0969999999999999,9.094
17.18,8.984
1.96,8.578
18.799,8.669
18.553,8.769
13.932,8.747
15.197,8.192
4.7780000000000005,8.171
16.127,8.405
13.131783094871924,8.241581044233214
10.107,8.121
19.977,8.129
1.36,7.454
22.374,7.882000000000001
7.349,7.528
15.863770320877382,8.433809540388653
15.558189880153924,8.440778562568653
20.3,8.592
17.817,9.003
18.553,9.463
7.03,8.835
19.264,9.678
14.867,8.758
13.008831755321767,11.564104647388445
12.572541925618339,8.232127975274285
15.843136073360842,8.451528402952771
11.737,8.537
14.769,8.606
17.597,12.71
9.522,16.213
9.384,13.253
20.84,14.457
17.402073369573618,17.87838858219256
16.846685659231927,18.10200808942559
12.95458973810124,15.320347123085387
30.857,15.107
13.743,14.857
17.663,14.293
13.99017619258405,19.39125589436485
11.234000000000002,14.463
11.477,14.187
15.440450527479245,18.342209192416853
26.43,15.887
10.622,18.503
18.558,19.157
14.42,20.66
15.384875979957457,18.48965877083503
29.793000000000003,18.897
11.263,18.237
18.318292829807877,16.42353864456301
21.53,19.38
20.072628805882243,18.000519809388393
4.817,17.447
12.320958720677979,16.923036067550317
22.927,16.643
8.729,18.11
18.859,19.21
19.64,19.39
9.092,17.083
10.313,18.803
5.059,19.537
21.69,16.76
12.624,17.56
6.271,17.942999999999998
10.795,18.107
0.027,17.127
3.497,16.852999999999998
6.104,17.63
5.937,15.907
9.39121217263015,17.07555406595729
2.967,15.0
6.988,16.57
13.745924295347908,17.22340037121053
18.012999999999998,17.697
11.146,13.763
8.475890405775008,15.514545760992377
14.273,13.8
4.375,13.58
9.335,14.15
22.2,13.813
17.267,13.64
18.813,19.033
4.1160000000000005,41.443000000000005
3.221,40.75
3.886,32.57
9.158,21.503
8.54,26.62
9.158,21.503
4.901,19.663
9.999115182190957,15.91234351633637
3.4330000000000003,17.723
6.941,17.24
6.868082960385411,18.55476503068903
5.49,18.177
11.311,15.203
7.897,16.28
8.535617722867736,13.790597628480928
2.446,13.54
11.22,13.377
10.457,14.96
9.8,16.71
9.060787225983209,13.980585534078793
8.022,20.283
11.157,17.923
8.30242802921979,12.299555747313589
5.675,10.79
12.07,11.707
8.12,18.667
11.113150004177022,12.839797128227818
9.926,11.243
14.967,7.343
17.767,5.287999999999999
13.187,11.187
12.456580296909685,9.885350425991204
11.457,13.38
11.773,9.84
13.023,9.275
12.915499498338413,11.175536285141455
11.807,12.507
9.157,10.353
12.463,9.173
13.517,9.611
13.713,9.725
14.241677995178373,10.30976976554178
12.977,11.113
10.662,15.707
9.984,13.013
13.433,9.123
15.4,11.85
13.9,11.06
13.607,9.611
16.037,8.05
17.303,6.335
17.25,7.419
14.670209590713243,9.569173875425555
13.72,11.447
9.759,9.282
16.62,5.973
17.367,7.216
16.343,9.42
16.09,7.349
11.813,7.517
20.013,9.009
15.715093031913192,8.865197746567851
17.623,8.222999999999999
18.92,10.505999999999998
17.267,9.917
18.01,8.722000000000001
17.437,5.412999999999999
21.463576170912614,5.733354570179085
20.687020556435833,4.690207312815779
19.639919182567283,5.795484164801301
16.303,8.146
20.61,5.365
23.15,3.681
16.66,7.678
17.713,7.149
21.16,8.811
18.25,6.457000000000001
22.68,3.745
22.273000000000003,3.913
20.013,3.821
24.4765,3.2845000000000004
14.897,4.181
21.97,4.12
25.41,3.692
24.917,2.411
20.527,3.707
24.04,3.172
21.32,7.975
21.777,2.372
25.76,3.653
25.427,2.971
20.33,1.84
24.4765,3.2845000000000004
24.117,2.013
21.37190428419618,3.8703880048313373
26.323,2.123
21.067,3.917
31.303,2.952
22.653,4.853
24.907,3.354
23.128755517702494,3.022604709189576
24.62,3.94
24.48,2.765
24.627,3.003
24.7478746554942,3.6179145989762493
22.576937793152787,4.848701528621747
24.92,5.928999999999999
23.267,2.582
24.370972624314867,2.7146384481454784
23.949826175860274,2.8169213504800648
27.327,1.4169999999999998
23.153,0.1369999999999999
22.13,5.019
21.65,1.968
26.83,1.279
24.505550451311045,2.439213434722154
22.717,3.332
24.722093775725536,2.3810412208062917
25.597,2.059
24.97331897922909,1.8686839632801755
24.023000000000003,3.745
20.807,7.832000000000001
24.177,2.119
24.210894387282686,2.672637892927429
24.541658874778378,2.640853510836394
24.94433555554077,2.4328144847837043
24.407,3.734
22.253,2.147
26.39,1.828
23.458843372442743,3.4974750519942917
23.367,3.886
21.457,2.681
24.443,2.7910000000000004
25.0,1.711
24.979361495129243,1.6541164926170346
23.517,1.523
26.85,1.713
24.453000000000003,3.072
23.973000000000003,7.401
23.76066622964384,2.7240774611712397
24.513,2.758
24.517,3.4930000000000003
24.34,2.887
25.07,1.929
24.94,2.533
24.090370583631305,2.720016273602177
24.34,1.654
26.08,1.731
23.503,1.819
26.667,1.39
24.09462885547338,2.256253897833514
23.71,2.833
25.277,1.481
25.697,2.186
24.647,1.676
24.52,3.787
24.47,1.883
23.93,1.414
25.853,1.126
24.91,4.301
23.873,1.5759999999999998
27.957,1.432
25.193,1.495
25.07,2.563
23.953000000000003,1.914
24.276490563485513,1.8198354091521818
24.403,1.477
24.769220445622793,1.5439930429374402
24.769598439399115,1.8803254983253603
24.517,1.855
24.79,2.552
23.17,1.374
24.78,1.622
26.033,1.472
24.96494747543214,2.1927554313382354
25.833,1.546
24.277,1.133
25.017,1.856
25.477,2.173
25.23197633712025,2.899448440914348
25.363000000000003,2.346
25.44,2.6710000000000003
25.253166783307975,2.565878543301599
25.440840773543545,2.6454668288687584
25.7,3.687
25.767,2.446
24.417,3.014
23.16,3.28
22.637,2.349
23.207,2.367
23.713,2.245
27.813,2.136
23.093000000000004,3.2960000000000003
24.903,2.423
27.003,0.584
26.12,2.367
25.99903950160365,1.2193792288797567
24.813,2.325
26.837,0.332
26.227,1.24
26.20226665553433,0.9107881370805655
26.237,0.868
24.74,2.331
26.210607675401032,0.848756388810872
26.57,0.51
26.247,0.525
27.243,0.46
26.847,0.324
25.74,0.512
24.953000000000003,1.5519999999999998
22.36,2.376
26.67,0.507
25.38,0.865
26.053,0.474
25.413,1.977
26.38,1.469
25.88,0.131
26.25,0.7340000000000001
26.138572442440214,1.2576453615033074
25.083355249122658,2.2124533721826456
25.543297146537586,1.4352320072131655
25.373,2.465
25.647,1.695
25.35,2.494
24.29,2.451
25.431429716928598,1.5832681058378595
25.987,1.213
24.34,1.0759999999999998
25.32,2.272
25.697,1.948
25.66,1.984
25.083,4.194
24.423,3.551
25.46410189586559,0.9849226995044915
25.397867084921817,0.8632922745459988
25.509018743020448,0.8848555538241527
25.907,0.382
25.51637508567513,0.7521016528574481
25.627,0.405
25.103,0.586
24.67,0.8959999999999999
23.6,0.8740000000000001
26.073,0.716
23.383000000000003,5.074
24.998619312080226,1.7136026203085062
24.45,2.107
24.907,1.362
25.9,0.3229999999999999
24.856429252841124,1.646908860357285
25.94981338332407,0.8087493483354214
27.237,0.946
27.81,0.8370000000000001
25.447,0.088
25.533,0.062
25.773000000000003,1.02
26.401911836884153,1.2634631597961574
26.24,1.212
26.356257095671257,1.2797253735264653
25.697,2.093
25.813,3.642
26.216963204701845,1.295875565890988
26.537,0.8170000000000001
26.37,1.638
24.73,3.044
24.63,4.252
25.387,0.733
26.04,0.765
27.833,0.911
24.497,1.179
26.8,1.909
26.343000000000004,3.612
25.93,2.216
27.331944850262417,1.7128192411445191
26.853,1.179
27.68,1.921
28.977,0.163
28.663,0.635
27.377,1.177
28.553,1.4509999999999998
27.833,3.185
27.077,2.057
28.317,2.908
29.463,3.065
28.117,2.128
31.383000000000003,1.131
27.683000000000003,2.349
29.3,1.118
34.803000000000004,0.113
31.38,1.7180000000000002
29.71,4.398
28.0,5.928999999999999
27.41,5.676
27.961709153617335,5.929327351197659
28.423,5.428999999999999
28.163,6.035
28.77,6.189
26.853,6.374
28.107,6.381
25.827,5.398
29.647,4.763999999999999
27.077,6.617999999999999
31.263,3.527
30.24,4.11
27.877,7.923999999999999
28.712823784731686,4.829640125631586
23.857,3.715
29.727,4.956
28.233,7.377000000000001
27.53,8.029
30.68,5.468999999999999
28.697,5.417999999999999
29.067,5.915
28.367,5.198
28.49,4.373
26.913052622917856,5.504621965965785
26.57845265143229,6.259959674315972
26.32724252908866,6.505210448861409
26.157,6.7170000000000005
21.913,9.509
21.303,7.091
23.37268517712077,8.444798713064811
23.767,13.263
25.447,10.005
20.863000000000003,7.914
21.817,9.897
22.01,8.777000000000001
21.253473032716375,11.830449479987918
21.36081261459584,11.153624466990495
22.286306483378443,10.266728513942903
23.147,12.323
21.606237002793186,12.230320986607914
23.287,10.592
20.650552401458654,11.551899453504937
21.950587654353402,11.954684911477079
20.279914985042044,11.142886765946319
22.86,10.554
17.326,11.186
10.51,10.039
27.387,14.62
19.247,14.837
14.75,14.093
18.187,16.28
18.01800664569142,14.2672828047536
18.32663351081767,13.917702769976222
20.3,9.646
15.979,12.49
20.667,10.36
18.851861987914926,12.372923222430735
19.567,14.4
19.178333790610562,12.142565167919148
22.79,15.26
18.81653042640447,12.436820009916687
18.007,12.307
22.717,13.503
13.98,12.863
14.887,12.757
16.377,6.031000000000001
13.93572509986649,6.14370983536846
11.51,5.8870000000000005
16.61,4.726
14.157,5.0760000000000005
16.035230731701603,6.382133269838538
16.803,5.831
14.65,6.082000000000001
15.664193348749986,6.455305590587307
19.873,7.241
14.392510194285698,7.007958452081678
13.757,7.633999999999999
16.040552060505718,6.5870747498510696
15.67593547967732,6.67137314410831
14.583994314082533,8.279185285579304
8.452,7.075
17.22,7.272
14.36,7.046
9.238,7.117000000000001
13.79,7.409
14.427,7.624
16.957,7.898
13.947,7.966
15.969311801259064,7.518803745571548
13.59,8.857000000000001
10.995,8.775
14.473,9.319
13.664181093482743,7.443879261462255
13.987,9.87
19.11,10.357
14.55905455279948,9.736288124256925
12.757,10.106
13.455468505357574,7.7977086139513805
15.927,10.28
14.379222309578903,9.520644236660683
14.411589286412605,8.419900480581212
13.98,8.687999999999999
12.487,8.182
11.47,8.847999999999999
14.115716426885363,7.7873143983842805
16.683,8.011000000000001
15.409904017174373,7.565420132411342
14.937,7.684
17.05,6.614
15.007,6.421
17.573,6.186
17.097,7.561
17.08,7.032
15.923,6.478
17.12,6.698
18.4,6.437
18.16,6.143
15.24,5.603
16.933,5.192
19.337,4.638999999999999
18.025456427545382,6.159337348356481
16.923,6.5360000000000005
16.58909873787485,7.4127805509024896
16.38,7.03
16.363,7.716
16.05,7.763
15.237,8.277000000000001
16.62,8.349
16.34,8.004
16.373,7.821000000000001
16.947,7.587000000000001
16.957,7.404
18.695872943878605,7.656663523887604
15.77,6.81
15.63,6.654
17.93,6.901
18.15,7.115
16.724700775055165,7.7729332948115575
19.17624904179331,7.818143275424504
17.95,7.944
20.44287651299304,8.381481407525028
22.517,7.808
21.4,8.085
20.65,8.454
23.253,9.023
23.717,9.097
21.157,9.382
20.160635824058144,8.202010365354392
20.35,9.56
21.88,8.812999999999999
21.29,9.301
20.183,9.636
19.53,8.808
16.797,8.57
20.311456765813382,8.743953484564795
20.272832609427727,8.22573405331958
20.133,7.665
19.531397105142606,8.575022569009645
19.843,7.184
21.047,7.223
19.56,6.178999999999999
17.26,6.57
18.77,6.547999999999999
19.483,6.441
18.91242662372849,7.593461165459233
19.677,6.171
19.029045953594014,7.235150746099928
21.497,6.705
19.70016694585793,6.799115000710925
20.517,7.016
20.023,6.754
19.313,7.124
19.46,7.433
18.95,7.426
19.51,7.506
18.463,7.978
18.987,7.196000000000001
18.06,7.638
15.643,10.127
18.413,8.068999999999999
18.053,8.068
16.713,10.079
17.323,10.126
18.053,8.068
15.375678490146843,11.042022272672876
14.937,14.017
15.736730031843509,10.20945521206518
14.86,12.25
15.303,10.733
15.67,10.037
15.603,9.683
15.643,10.127
15.447,9.795
15.677,9.35
15.5,9.321
15.963,9.519
15.970116198047394,10.019075501831056
13.463,12.927
14.13,13.533
11.77,13.543
11.18,16.563
12.085473577382206,16.40964410442229
12.0,19.57
10.973,18.477
10.85,17.777
10.495000000000001,19.535
11.033,18.94
10.495000000000001,19.535
10.587,16.253
11.28,14.207
11.88,13.557
13.623,12.653
12.683,12.837
12.01,13.193
11.53615401251792,17.3711610324274
12.203,12.813
13.209085971123665,12.013217821961481
13.803,13.627
12.5,12.993
13.1815,9.9235
13.307,10.447
13.27,8.352
13.213,8.138
13.1815,9.9235
15.007,8.296
13.98,14.19
13.933,14.447
14.867,13.76
14.047,13.357
13.19,11.777
13.257,12.567
13.567,12.273
12.683,13.423
12.727,12.753
12.480709988398013,16.0246390567073
13.413,11.65
14.627,10.943
12.893,12.13
12.707,13.22
11.737,16.127
9.328,27.163
8.988,25.64
9.191,25.77
9.004,25.89
9.867,21.667
9.977,20.9465
9.652,21.19
9.977,20.9465
10.485697389272868,20.992032948841487
9.977,19.063
9.9,22.1
9.824,22.533
9.908882353110775,21.398506776177868
8.258,26.68
10.199060869833861,21.938034055512688
7.999,24.257
8.447866845915811,23.819862733894876
8.158,23.3
8.407665166137479,24.836098105210333
7.987,24.597
7.803,28.03
8.185188871701648,24.705808133280104
8.351,27.15
8.197608996408759,23.77390833003402
8.072000000000001,22.553
8.226,21.807
8.656,25.987
9.391,23.647
8.616,21.01
8.29,20.397
8.682,20.283
8.372,20.71
8.49789103850352,22.48518286744436
10.079234846122535,13.263856913998769
9.498907683958302,16.97548202172089
8.82812101999694,22.022619432309668
9.579,14.75
